,nodes,techs,costs,Value,source_model
0,netherlands,battery,monetary,1585.6596645691911,reference_full_horizon_2010_2019
1,netherlands,electrolyser,monetary,27866.790509847273,reference_full_horizon_2010_2019
2,netherlands,h2_elec_conversion,monetary,18834.971615751838,reference_full_horizon_2010_2019
3,netherlands,h2_salt_cavern,monetary,36597.67156524233,reference_full_horizon_2010_2019
4,netherlands,nuclear,monetary,15251.89954430678,reference_full_horizon_2010_2019
5,netherlands,offshore_wind,monetary,76781.83541745563,reference_full_horizon_2010_2019
6,netherlands,onshore_wind,monetary,22455.32845915605,reference_full_horizon_2010_2019
7,netherlands,solar,monetary,34727.12706312909,reference_full_horizon_2010_2019
0,netherlands,battery,monetary,1016.0407059337231,results_plan_cluster_2010_2011_weights_1_9.netcdf
1,netherlands,electrolyser,monetary,29667.715052860505,results_plan_cluster_2010_2011_weights_1_9.netcdf
2,netherlands,h2_elec_conversion,monetary,18962.13233209834,results_plan_cluster_2010_2011_weights_1_9.netcdf
3,netherlands,h2_salt_cavern,monetary,24064.95727514723,results_plan_cluster_2010_2011_weights_1_9.netcdf
4,netherlands,nuclear,monetary,15243.546915859733,results_plan_cluster_2010_2011_weights_1_9.netcdf
5,netherlands,offshore_wind,monetary,84149.5189391862,results_plan_cluster_2010_2011_weights_1_9.netcdf
6,netherlands,onshore_wind,monetary,22492.055305953192,results_plan_cluster_2010_2011_weights_1_9.netcdf
7,netherlands,solar,monetary,28484.116122582334,results_plan_cluster_2010_2011_weights_1_9.netcdf
0,netherlands,battery,monetary,1024.8304590473754,results_plan_cluster_2010_2012_weights_1_9.netcdf
1,netherlands,electrolyser,monetary,31791.819730786803,results_plan_cluster_2010_2012_weights_1_9.netcdf
2,netherlands,h2_elec_conversion,monetary,19031.164408600886,results_plan_cluster_2010_2012_weights_1_9.netcdf
3,netherlands,h2_salt_cavern,monetary,25283.889933154693,results_plan_cluster_2010_2012_weights_1_9.netcdf
4,netherlands,nuclear,monetary,15305.248998892768,results_plan_cluster_2010_2012_weights_1_9.netcdf
5,netherlands,offshore_wind,monetary,82803.4161122857,results_plan_cluster_2010_2012_weights_1_9.netcdf
6,netherlands,onshore_wind,monetary,22518.561682168904,results_plan_cluster_2010_2012_weights_1_9.netcdf
7,netherlands,solar,monetary,30118.82500466844,results_plan_cluster_2010_2012_weights_1_9.netcdf
0,netherlands,battery,monetary,1016.0067195193457,results_plan_cluster_2010_2013_weights_1_9.netcdf
1,netherlands,electrolyser,monetary,30904.39554355802,results_plan_cluster_2010_2013_weights_1_9.netcdf
2,netherlands,h2_elec_conversion,monetary,18988.440172295643,results_plan_cluster_2010_2013_weights_1_9.netcdf
3,netherlands,h2_salt_cavern,monetary,28331.73452493025,results_plan_cluster_2010_2013_weights_1_9.netcdf
4,netherlands,nuclear,monetary,15256.322112468213,results_plan_cluster_2010_2013_weights_1_9.netcdf
5,netherlands,offshore_wind,monetary,83100.2183249731,results_plan_cluster_2010_2013_weights_1_9.netcdf
6,netherlands,onshore_wind,monetary,22459.979559859636,results_plan_cluster_2010_2013_weights_1_9.netcdf
7,netherlands,solar,monetary,30339.427466330344,results_plan_cluster_2010_2013_weights_1_9.netcdf
0,netherlands,battery,monetary,1022.4598450055885,results_plan_cluster_2010_2014_weights_1_9.netcdf
1,netherlands,electrolyser,monetary,32598.390592912125,results_plan_cluster_2010_2014_weights_1_9.netcdf
2,netherlands,h2_elec_conversion,monetary,19011.402968156402,results_plan_cluster_2010_2014_weights_1_9.netcdf
3,netherlands,h2_salt_cavern,monetary,19483.847474017668,results_plan_cluster_2010_2014_weights_1_9.netcdf
4,netherlands,nuclear,monetary,15254.027765781353,results_plan_cluster_2010_2014_weights_1_9.netcdf
5,netherlands,offshore_wind,monetary,79280.18945971098,results_plan_cluster_2010_2014_weights_1_9.netcdf
6,netherlands,onshore_wind,monetary,22464.901359863543,results_plan_cluster_2010_2014_weights_1_9.netcdf
7,netherlands,solar,monetary,32192.595692444236,results_plan_cluster_2010_2014_weights_1_9.netcdf
0,netherlands,battery,monetary,1015.7270762918146,results_plan_cluster_2010_2015_weights_1_9.netcdf
1,netherlands,electrolyser,monetary,31319.349801893753,results_plan_cluster_2010_2015_weights_1_9.netcdf
2,netherlands,h2_elec_conversion,monetary,18905.16330728561,results_plan_cluster_2010_2015_weights_1_9.netcdf
3,netherlands,h2_salt_cavern,monetary,24062.878786056444,results_plan_cluster_2010_2015_weights_1_9.netcdf
4,netherlands,nuclear,monetary,15243.546915859733,results_plan_cluster_2010_2015_weights_1_9.netcdf
5,netherlands,offshore_wind,monetary,78672.93525925993,results_plan_cluster_2010_2015_weights_1_9.netcdf
6,netherlands,onshore_wind,monetary,22528.080895794734,results_plan_cluster_2010_2015_weights_1_9.netcdf
7,netherlands,solar,monetary,30159.351444777538,results_plan_cluster_2010_2015_weights_1_9.netcdf
0,netherlands,battery,monetary,1024.5292925716205,results_plan_cluster_2010_2016_weights_1_9.netcdf
1,netherlands,electrolyser,monetary,29840.47625067785,results_plan_cluster_2010_2016_weights_1_9.netcdf
2,netherlands,h2_elec_conversion,monetary,19052.131501658776,results_plan_cluster_2010_2016_weights_1_9.netcdf
3,netherlands,h2_salt_cavern,monetary,26197.040300368037,results_plan_cluster_2010_2016_weights_1_9.netcdf
4,netherlands,nuclear,monetary,15281.13374387145,results_plan_cluster_2010_2016_weights_1_9.netcdf
5,netherlands,offshore_wind,monetary,90034.52728905753,results_plan_cluster_2010_2016_weights_1_9.netcdf
6,netherlands,onshore_wind,monetary,22463.35515114224,results_plan_cluster_2010_2016_weights_1_9.netcdf
7,netherlands,solar,monetary,31145.047001159848,results_plan_cluster_2010_2016_weights_1_9.netcdf
0,netherlands,battery,monetary,1022.3063654497465,results_plan_cluster_2010_2017_weights_1_9.netcdf
1,netherlands,electrolyser,monetary,31901.68954002196,results_plan_cluster_2010_2017_weights_1_9.netcdf
2,netherlands,h2_elec_conversion,monetary,19033.198287328505,results_plan_cluster_2010_2017_weights_1_9.netcdf
3,netherlands,h2_salt_cavern,monetary,30404.497895028515,results_plan_cluster_2010_2017_weights_1_9.netcdf
4,netherlands,nuclear,monetary,15263.80191943262,results_plan_cluster_2010_2017_weights_1_9.netcdf
5,netherlands,offshore_wind,monetary,83262.81945762006,results_plan_cluster_2010_2017_weights_1_9.netcdf
6,netherlands,onshore_wind,monetary,22452.48808637424,results_plan_cluster_2010_2017_weights_1_9.netcdf
7,netherlands,solar,monetary,31723.61369173383,results_plan_cluster_2010_2017_weights_1_9.netcdf
0,netherlands,battery,monetary,1022.5069529293368,results_plan_cluster_2010_2018_weights_1_9.netcdf
1,netherlands,electrolyser,monetary,31968.570161078536,results_plan_cluster_2010_2018_weights_1_9.netcdf
2,netherlands,h2_elec_conversion,monetary,18956.81769453453,results_plan_cluster_2010_2018_weights_1_9.netcdf
3,netherlands,h2_salt_cavern,monetary,21530.768441691424,results_plan_cluster_2010_2018_weights_1_9.netcdf
4,netherlands,nuclear,monetary,15243.546915859733,results_plan_cluster_2010_2018_weights_1_9.netcdf
5,netherlands,offshore_wind,monetary,78729.47766478898,results_plan_cluster_2010_2018_weights_1_9.netcdf
6,netherlands,onshore_wind,monetary,22443.31562177647,results_plan_cluster_2010_2018_weights_1_9.netcdf
7,netherlands,solar,monetary,31229.693401189466,results_plan_cluster_2010_2018_weights_1_9.netcdf
0,netherlands,battery,monetary,1022.2138968597776,results_plan_cluster_2010_2019_weights_1_9.netcdf
1,netherlands,electrolyser,monetary,31668.99757257406,results_plan_cluster_2010_2019_weights_1_9.netcdf
2,netherlands,h2_elec_conversion,monetary,18952.78865389629,results_plan_cluster_2010_2019_weights_1_9.netcdf
3,netherlands,h2_salt_cavern,monetary,21107.320177700607,results_plan_cluster_2010_2019_weights_1_9.netcdf
4,netherlands,nuclear,monetary,15243.546915859733,results_plan_cluster_2010_2019_weights_1_9.netcdf
5,netherlands,offshore_wind,monetary,83861.99391043998,results_plan_cluster_2010_2019_weights_1_9.netcdf
6,netherlands,onshore_wind,monetary,22486.819245432085,results_plan_cluster_2010_2019_weights_1_9.netcdf
7,netherlands,solar,monetary,28396.53266690116,results_plan_cluster_2010_2019_weights_1_9.netcdf
0,netherlands,battery,monetary,1016.0332373973164,results_plan_cluster_2011_2010_weights_1_9.netcdf
1,netherlands,electrolyser,monetary,29791.454227882925,results_plan_cluster_2011_2010_weights_1_9.netcdf
2,netherlands,h2_elec_conversion,monetary,19097.352525253038,results_plan_cluster_2011_2010_weights_1_9.netcdf
3,netherlands,h2_salt_cavern,monetary,24111.420885253076,results_plan_cluster_2011_2010_weights_1_9.netcdf
4,netherlands,nuclear,monetary,15275.656079716,results_plan_cluster_2011_2010_weights_1_9.netcdf
5,netherlands,offshore_wind,monetary,83787.49425874844,results_plan_cluster_2011_2010_weights_1_9.netcdf
6,netherlands,onshore_wind,monetary,22407.704468249598,results_plan_cluster_2011_2010_weights_1_9.netcdf
7,netherlands,solar,monetary,28455.845128635025,results_plan_cluster_2011_2010_weights_1_9.netcdf
0,netherlands,battery,monetary,1016.0407059337231,results_plan_cluster_2011_2010_weights_9_1.netcdf
1,netherlands,electrolyser,monetary,29667.715052860487,results_plan_cluster_2011_2010_weights_9_1.netcdf
2,netherlands,h2_elec_conversion,monetary,18962.132332098343,results_plan_cluster_2011_2010_weights_9_1.netcdf
3,netherlands,h2_salt_cavern,monetary,24064.95727514729,results_plan_cluster_2011_2010_weights_9_1.netcdf
4,netherlands,nuclear,monetary,15243.546915859733,results_plan_cluster_2011_2010_weights_9_1.netcdf
5,netherlands,offshore_wind,monetary,84149.51893918615,results_plan_cluster_2011_2010_weights_9_1.netcdf
6,netherlands,onshore_wind,monetary,22492.055305953192,results_plan_cluster_2011_2010_weights_9_1.netcdf
7,netherlands,solar,monetary,28484.116122582334,results_plan_cluster_2011_2010_weights_9_1.netcdf
0,netherlands,battery,monetary,1345.8465790970606,results_plan_cluster_2011_2012_weights_1_9.netcdf
1,netherlands,electrolyser,monetary,29062.50541893438,results_plan_cluster_2011_2012_weights_1_9.netcdf
2,netherlands,h2_elec_conversion,monetary,18260.236972216837,results_plan_cluster_2011_2012_weights_1_9.netcdf
3,netherlands,h2_salt_cavern,monetary,15549.861580711111,results_plan_cluster_2011_2012_weights_1_9.netcdf
4,netherlands,nuclear,monetary,15299.122542692732,results_plan_cluster_2011_2012_weights_1_9.netcdf
5,netherlands,offshore_wind,monetary,76214.88551685397,results_plan_cluster_2011_2012_weights_1_9.netcdf
6,netherlands,onshore_wind,monetary,22527.029571682397,results_plan_cluster_2011_2012_weights_1_9.netcdf
7,netherlands,solar,monetary,29110.3817613065,results_plan_cluster_2011_2012_weights_1_9.netcdf
0,netherlands,battery,monetary,1628.4458402949076,results_plan_cluster_2011_2013_weights_1_9.netcdf
1,netherlands,electrolyser,monetary,29645.78749511342,results_plan_cluster_2011_2013_weights_1_9.netcdf
2,netherlands,h2_elec_conversion,monetary,18080.389864158748,results_plan_cluster_2011_2013_weights_1_9.netcdf
3,netherlands,h2_salt_cavern,monetary,13517.04461177065,results_plan_cluster_2011_2013_weights_1_9.netcdf
4,netherlands,nuclear,monetary,15243.546915859733,results_plan_cluster_2011_2013_weights_1_9.netcdf
5,netherlands,offshore_wind,monetary,73736.65115175894,results_plan_cluster_2011_2013_weights_1_9.netcdf
6,netherlands,onshore_wind,monetary,22470.893128494703,results_plan_cluster_2011_2013_weights_1_9.netcdf
7,netherlands,solar,monetary,29988.625210354294,results_plan_cluster_2011_2013_weights_1_9.netcdf
0,netherlands,battery,monetary,1136.0597579802834,results_plan_cluster_2011_2014_weights_1_9.netcdf
1,netherlands,electrolyser,monetary,31466.317614870495,results_plan_cluster_2011_2014_weights_1_9.netcdf
2,netherlands,h2_elec_conversion,monetary,18286.9475599757,results_plan_cluster_2011_2014_weights_1_9.netcdf
3,netherlands,h2_salt_cavern,monetary,16003.283408774907,results_plan_cluster_2011_2014_weights_1_9.netcdf
4,netherlands,nuclear,monetary,15243.546915859733,results_plan_cluster_2011_2014_weights_1_9.netcdf
5,netherlands,offshore_wind,monetary,73484.83947544843,results_plan_cluster_2011_2014_weights_1_9.netcdf
6,netherlands,onshore_wind,monetary,22465.776599020282,results_plan_cluster_2011_2014_weights_1_9.netcdf
7,netherlands,solar,monetary,33768.6693520817,results_plan_cluster_2011_2014_weights_1_9.netcdf
0,netherlands,battery,monetary,1488.3887195882353,results_plan_cluster_2011_2015_weights_1_9.netcdf
1,netherlands,electrolyser,monetary,31288.992896562864,results_plan_cluster_2011_2015_weights_1_9.netcdf
2,netherlands,h2_elec_conversion,monetary,18263.753719606266,results_plan_cluster_2011_2015_weights_1_9.netcdf
3,netherlands,h2_salt_cavern,monetary,13467.178024997926,results_plan_cluster_2011_2015_weights_1_9.netcdf
4,netherlands,nuclear,monetary,15243.546915859733,results_plan_cluster_2011_2015_weights_1_9.netcdf
5,netherlands,offshore_wind,monetary,64412.3908970794,results_plan_cluster_2011_2015_weights_1_9.netcdf
6,netherlands,onshore_wind,monetary,22527.885951366465,results_plan_cluster_2011_2015_weights_1_9.netcdf
7,netherlands,solar,monetary,32396.687271271418,results_plan_cluster_2011_2015_weights_1_9.netcdf
0,netherlands,battery,monetary,1557.8437024601026,results_plan_cluster_2011_2016_weights_1_9.netcdf
1,netherlands,electrolyser,monetary,28481.243288007012,results_plan_cluster_2011_2016_weights_1_9.netcdf
2,netherlands,h2_elec_conversion,monetary,18164.082347744497,results_plan_cluster_2011_2016_weights_1_9.netcdf
3,netherlands,h2_salt_cavern,monetary,24326.757726671633,results_plan_cluster_2011_2016_weights_1_9.netcdf
4,netherlands,nuclear,monetary,15281.133743871442,results_plan_cluster_2011_2016_weights_1_9.netcdf
5,netherlands,offshore_wind,monetary,86364.48404251179,results_plan_cluster_2011_2016_weights_1_9.netcdf
6,netherlands,onshore_wind,monetary,22477.865232683944,results_plan_cluster_2011_2016_weights_1_9.netcdf
7,netherlands,solar,monetary,29736.82894201817,results_plan_cluster_2011_2016_weights_1_9.netcdf
0,netherlands,battery,monetary,2226.4543734911053,results_plan_cluster_2011_2017_weights_1_9.netcdf
1,netherlands,electrolyser,monetary,30915.96254305056,results_plan_cluster_2011_2017_weights_1_9.netcdf
2,netherlands,h2_elec_conversion,monetary,17952.11815297422,results_plan_cluster_2011_2017_weights_1_9.netcdf
3,netherlands,h2_salt_cavern,monetary,15527.341463727898,results_plan_cluster_2011_2017_weights_1_9.netcdf
4,netherlands,nuclear,monetary,15256.198142464946,results_plan_cluster_2011_2017_weights_1_9.netcdf
5,netherlands,offshore_wind,monetary,73638.36421119727,results_plan_cluster_2011_2017_weights_1_9.netcdf
6,netherlands,onshore_wind,monetary,22465.07616269786,results_plan_cluster_2011_2017_weights_1_9.netcdf
7,netherlands,solar,monetary,30868.18202665186,results_plan_cluster_2011_2017_weights_1_9.netcdf
0,netherlands,battery,monetary,1632.0307756645504,results_plan_cluster_2011_2018_weights_1_9.netcdf
1,netherlands,electrolyser,monetary,28526.873021904576,results_plan_cluster_2011_2018_weights_1_9.netcdf
2,netherlands,h2_elec_conversion,monetary,18014.411278181356,results_plan_cluster_2011_2018_weights_1_9.netcdf
3,netherlands,h2_salt_cavern,monetary,12250.074496843334,results_plan_cluster_2011_2018_weights_1_9.netcdf
4,netherlands,nuclear,monetary,15243.546915859733,results_plan_cluster_2011_2018_weights_1_9.netcdf
5,netherlands,offshore_wind,monetary,76219.06897146412,results_plan_cluster_2011_2018_weights_1_9.netcdf
6,netherlands,onshore_wind,monetary,22457.959634316274,results_plan_cluster_2011_2018_weights_1_9.netcdf
7,netherlands,solar,monetary,28340.153423618576,results_plan_cluster_2011_2018_weights_1_9.netcdf
0,netherlands,battery,monetary,1317.182471487952,results_plan_cluster_2011_2019_weights_1_9.netcdf
1,netherlands,electrolyser,monetary,27429.42012210471,results_plan_cluster_2011_2019_weights_1_9.netcdf
2,netherlands,h2_elec_conversion,monetary,18141.18997325249,results_plan_cluster_2011_2019_weights_1_9.netcdf
3,netherlands,h2_salt_cavern,monetary,15654.141940997704,results_plan_cluster_2011_2019_weights_1_9.netcdf
4,netherlands,nuclear,monetary,15243.546915859733,results_plan_cluster_2011_2019_weights_1_9.netcdf
5,netherlands,offshore_wind,monetary,80784.96915953163,results_plan_cluster_2011_2019_weights_1_9.netcdf
6,netherlands,onshore_wind,monetary,22500.384986159213,results_plan_cluster_2011_2019_weights_1_9.netcdf
7,netherlands,solar,monetary,25734.25902398001,results_plan_cluster_2011_2019_weights_1_9.netcdf
0,netherlands,battery,monetary,1022.5837308506735,results_plan_cluster_2012_2010_weights_1_9.netcdf
1,netherlands,electrolyser,monetary,31738.094697960783,results_plan_cluster_2012_2010_weights_1_9.netcdf
2,netherlands,h2_elec_conversion,monetary,19101.73259662921,results_plan_cluster_2012_2010_weights_1_9.netcdf
3,netherlands,h2_salt_cavern,monetary,25229.834121741955,results_plan_cluster_2012_2010_weights_1_9.netcdf
4,netherlands,nuclear,monetary,15289.890573920102,results_plan_cluster_2012_2010_weights_1_9.netcdf
5,netherlands,offshore_wind,monetary,82397.89696623835,results_plan_cluster_2012_2010_weights_1_9.netcdf
6,netherlands,onshore_wind,monetary,22408.650505885897,results_plan_cluster_2012_2010_weights_1_9.netcdf
7,netherlands,solar,monetary,30053.565434737342,results_plan_cluster_2012_2010_weights_1_9.netcdf
0,netherlands,battery,monetary,1024.8304590473754,results_plan_cluster_2012_2010_weights_9_1.netcdf
1,netherlands,electrolyser,monetary,31791.81973078682,results_plan_cluster_2012_2010_weights_9_1.netcdf
2,netherlands,h2_elec_conversion,monetary,19031.164408600886,results_plan_cluster_2012_2010_weights_9_1.netcdf
3,netherlands,h2_salt_cavern,monetary,25283.889933154736,results_plan_cluster_2012_2010_weights_9_1.netcdf
4,netherlands,nuclear,monetary,15304.99148355777,results_plan_cluster_2012_2010_weights_9_1.netcdf
5,netherlands,offshore_wind,monetary,82803.59802478571,results_plan_cluster_2012_2010_weights_9_1.netcdf
6,netherlands,onshore_wind,monetary,22518.561682168904,results_plan_cluster_2012_2010_weights_9_1.netcdf
7,netherlands,solar,monetary,30118.82500466844,results_plan_cluster_2012_2010_weights_9_1.netcdf
0,netherlands,battery,monetary,1342.896567305926,results_plan_cluster_2012_2011_weights_1_9.netcdf
1,netherlands,electrolyser,monetary,29003.316412274657,results_plan_cluster_2012_2011_weights_1_9.netcdf
2,netherlands,h2_elec_conversion,monetary,18195.903330739435,results_plan_cluster_2012_2011_weights_1_9.netcdf
3,netherlands,h2_salt_cavern,monetary,15516.668634478196,results_plan_cluster_2012_2011_weights_1_9.netcdf
4,netherlands,nuclear,monetary,15247.723230083255,results_plan_cluster_2012_2011_weights_1_9.netcdf
5,netherlands,offshore_wind,monetary,76063.29938154128,results_plan_cluster_2012_2011_weights_1_9.netcdf
6,netherlands,onshore_wind,monetary,22503.31693186355,results_plan_cluster_2012_2011_weights_1_9.netcdf
7,netherlands,solar,monetary,29044.334698805847,results_plan_cluster_2012_2011_weights_1_9.netcdf
0,netherlands,battery,monetary,947.6461109658825,results_plan_cluster_2012_2013_weights_1_9.netcdf
1,netherlands,electrolyser,monetary,30350.43948814398,results_plan_cluster_2012_2013_weights_1_9.netcdf
2,netherlands,h2_elec_conversion,monetary,18393.00590269451,results_plan_cluster_2012_2013_weights_1_9.netcdf
3,netherlands,h2_salt_cavern,monetary,18415.941102587112,results_plan_cluster_2012_2013_weights_1_9.netcdf
4,netherlands,nuclear,monetary,15276.119359254008,results_plan_cluster_2012_2013_weights_1_9.netcdf
5,netherlands,offshore_wind,monetary,77975.03799926488,results_plan_cluster_2012_2013_weights_1_9.netcdf
6,netherlands,onshore_wind,monetary,22484.662293564266,results_plan_cluster_2012_2013_weights_1_9.netcdf
7,netherlands,solar,monetary,27559.458304305255,results_plan_cluster_2012_2013_weights_1_9.netcdf
0,netherlands,battery,monetary,1237.1311108153109,results_plan_cluster_2012_2014_weights_1_9.netcdf
1,netherlands,electrolyser,monetary,31571.85145166172,results_plan_cluster_2012_2014_weights_1_9.netcdf
2,netherlands,h2_elec_conversion,monetary,18245.633584121937,results_plan_cluster_2012_2014_weights_1_9.netcdf
3,netherlands,h2_salt_cavern,monetary,14705.0860933099,results_plan_cluster_2012_2014_weights_1_9.netcdf
4,netherlands,nuclear,monetary,15247.723230083255,results_plan_cluster_2012_2014_weights_1_9.netcdf
5,netherlands,offshore_wind,monetary,79065.87876197387,results_plan_cluster_2012_2014_weights_1_9.netcdf
6,netherlands,onshore_wind,monetary,22482.338533049413,results_plan_cluster_2012_2014_weights_1_9.netcdf
7,netherlands,solar,monetary,30771.438593770774,results_plan_cluster_2012_2014_weights_1_9.netcdf
0,netherlands,battery,monetary,1492.1374183989585,results_plan_cluster_2012_2015_weights_1_9.netcdf
1,netherlands,electrolyser,monetary,29169.812989495465,results_plan_cluster_2012_2015_weights_1_9.netcdf
2,netherlands,h2_elec_conversion,monetary,18223.783956331208,results_plan_cluster_2012_2015_weights_1_9.netcdf
3,netherlands,h2_salt_cavern,monetary,16476.15539758979,results_plan_cluster_2012_2015_weights_1_9.netcdf
4,netherlands,nuclear,monetary,15247.723230083258,results_plan_cluster_2012_2015_weights_1_9.netcdf
5,netherlands,offshore_wind,monetary,72368.8436931898,results_plan_cluster_2012_2015_weights_1_9.netcdf
6,netherlands,onshore_wind,monetary,22536.409982208726,results_plan_cluster_2012_2015_weights_1_9.netcdf
7,netherlands,solar,monetary,30176.19357205853,results_plan_cluster_2012_2015_weights_1_9.netcdf
0,netherlands,battery,monetary,1311.7766987762418,results_plan_cluster_2012_2016_weights_1_9.netcdf
1,netherlands,electrolyser,monetary,33345.99704288708,results_plan_cluster_2012_2016_weights_1_9.netcdf
2,netherlands,h2_elec_conversion,monetary,18250.841493066677,results_plan_cluster_2012_2016_weights_1_9.netcdf
3,netherlands,h2_salt_cavern,monetary,16980.654196662264,results_plan_cluster_2012_2016_weights_1_9.netcdf
4,netherlands,nuclear,monetary,15285.310058094965,results_plan_cluster_2012_2016_weights_1_9.netcdf
5,netherlands,offshore_wind,monetary,88317.76384576614,results_plan_cluster_2012_2016_weights_1_9.netcdf
6,netherlands,onshore_wind,monetary,22479.901034362723,results_plan_cluster_2012_2016_weights_1_9.netcdf
7,netherlands,solar,monetary,32696.746467398003,results_plan_cluster_2012_2016_weights_1_9.netcdf
0,netherlands,battery,monetary,1102.4145563388672,results_plan_cluster_2012_2017_weights_1_9.netcdf
1,netherlands,electrolyser,monetary,31372.609160408923,results_plan_cluster_2012_2017_weights_1_9.netcdf
2,netherlands,h2_elec_conversion,monetary,18438.557490001513,results_plan_cluster_2012_2017_weights_1_9.netcdf
3,netherlands,h2_salt_cavern,monetary,19742.259932505614,results_plan_cluster_2012_2017_weights_1_9.netcdf
4,netherlands,nuclear,monetary,15287.190016308848,results_plan_cluster_2012_2017_weights_1_9.netcdf
5,netherlands,offshore_wind,monetary,77758.07102014161,results_plan_cluster_2012_2017_weights_1_9.netcdf
6,netherlands,onshore_wind,monetary,22476.560855119762,results_plan_cluster_2012_2017_weights_1_9.netcdf
7,netherlands,solar,monetary,28876.160866959544,results_plan_cluster_2012_2017_weights_1_9.netcdf
0,netherlands,battery,monetary,1431.0629391901646,results_plan_cluster_2012_2018_weights_1_9.netcdf
1,netherlands,electrolyser,monetary,29545.223749294684,results_plan_cluster_2012_2018_weights_1_9.netcdf
2,netherlands,h2_elec_conversion,monetary,18164.95109761248,results_plan_cluster_2012_2018_weights_1_9.netcdf
3,netherlands,h2_salt_cavern,monetary,15897.405358628455,results_plan_cluster_2012_2018_weights_1_9.netcdf
4,netherlands,nuclear,monetary,15284.341173051986,results_plan_cluster_2012_2018_weights_1_9.netcdf
5,netherlands,offshore_wind,monetary,72976.83566257895,results_plan_cluster_2012_2018_weights_1_9.netcdf
6,netherlands,onshore_wind,monetary,22450.722188078053,results_plan_cluster_2012_2018_weights_1_9.netcdf
7,netherlands,solar,monetary,30756.698070037393,results_plan_cluster_2012_2018_weights_1_9.netcdf
0,netherlands,battery,monetary,975.4915776369411,results_plan_cluster_2012_2019_weights_1_9.netcdf
1,netherlands,electrolyser,monetary,28408.011455464573,results_plan_cluster_2012_2019_weights_1_9.netcdf
2,netherlands,h2_elec_conversion,monetary,18324.67844451182,results_plan_cluster_2012_2019_weights_1_9.netcdf
3,netherlands,h2_salt_cavern,monetary,18173.352549879557,results_plan_cluster_2012_2019_weights_1_9.netcdf
4,netherlands,nuclear,monetary,15247.723230083255,results_plan_cluster_2012_2019_weights_1_9.netcdf
5,netherlands,offshore_wind,monetary,80781.39970404249,results_plan_cluster_2012_2019_weights_1_9.netcdf
6,netherlands,onshore_wind,monetary,22505.027771348414,results_plan_cluster_2012_2019_weights_1_9.netcdf
7,netherlands,solar,monetary,25506.137544383288,results_plan_cluster_2012_2019_weights_1_9.netcdf
0,netherlands,battery,monetary,1016.0002175529594,results_plan_cluster_2013_2010_weights_1_9.netcdf
1,netherlands,electrolyser,monetary,30910.63492467284,results_plan_cluster_2013_2010_weights_1_9.netcdf
2,netherlands,h2_elec_conversion,monetary,19094.70482075457,results_plan_cluster_2013_2010_weights_1_9.netcdf
3,netherlands,h2_salt_cavern,monetary,28333.64324025669,results_plan_cluster_2013_2010_weights_1_9.netcdf
4,netherlands,nuclear,monetary,15286.350334609251,results_plan_cluster_2013_2010_weights_1_9.netcdf
5,netherlands,offshore_wind,monetary,82874.3976520069,results_plan_cluster_2013_2010_weights_1_9.netcdf
6,netherlands,onshore_wind,monetary,22399.415497634727,results_plan_cluster_2013_2010_weights_1_9.netcdf
7,netherlands,solar,monetary,30334.70554891426,results_plan_cluster_2013_2010_weights_1_9.netcdf
0,netherlands,battery,monetary,1016.0067195193457,results_plan_cluster_2013_2010_weights_9_1.netcdf
1,netherlands,electrolyser,monetary,30904.395543558025,results_plan_cluster_2013_2010_weights_9_1.netcdf
2,netherlands,h2_elec_conversion,monetary,18988.440172295643,results_plan_cluster_2013_2010_weights_9_1.netcdf
3,netherlands,h2_salt_cavern,monetary,28331.734524930245,results_plan_cluster_2013_2010_weights_9_1.netcdf
4,netherlands,nuclear,monetary,15256.287109139173,results_plan_cluster_2013_2010_weights_9_1.netcdf
5,netherlands,offshore_wind,monetary,83100.24305182323,results_plan_cluster_2013_2010_weights_9_1.netcdf
6,netherlands,onshore_wind,monetary,22459.979559859636,results_plan_cluster_2013_2010_weights_9_1.netcdf
7,netherlands,solar,monetary,30339.427466330344,results_plan_cluster_2013_2010_weights_9_1.netcdf
0,netherlands,battery,monetary,1628.3684250789681,results_plan_cluster_2013_2011_weights_1_9.netcdf
1,netherlands,electrolyser,monetary,29652.987813679185,results_plan_cluster_2013_2011_weights_1_9.netcdf
2,netherlands,h2_elec_conversion,monetary,18050.683288057822,results_plan_cluster_2013_2011_weights_1_9.netcdf
3,netherlands,h2_salt_cavern,monetary,13518.551748758022,results_plan_cluster_2013_2011_weights_1_9.netcdf
4,netherlands,nuclear,monetary,15243.546915859733,results_plan_cluster_2013_2011_weights_1_9.netcdf
5,netherlands,offshore_wind,monetary,73686.57253002464,results_plan_cluster_2013_2011_weights_1_9.netcdf
6,netherlands,onshore_wind,monetary,22494.440024177416,results_plan_cluster_2013_2011_weights_1_9.netcdf
7,netherlands,solar,monetary,30028.474237721723,results_plan_cluster_2013_2011_weights_1_9.netcdf
0,netherlands,battery,monetary,948.8533430608875,results_plan_cluster_2013_2012_weights_1_9.netcdf
1,netherlands,electrolyser,monetary,30429.736572404814,results_plan_cluster_2013_2012_weights_1_9.netcdf
2,netherlands,h2_elec_conversion,monetary,18428.780675402762,results_plan_cluster_2013_2012_weights_1_9.netcdf
3,netherlands,h2_salt_cavern,monetary,18473.441939037653,results_plan_cluster_2013_2012_weights_1_9.netcdf
4,netherlands,nuclear,monetary,15321.562640125994,results_plan_cluster_2013_2012_weights_1_9.netcdf
5,netherlands,offshore_wind,monetary,78039.93397242822,results_plan_cluster_2013_2012_weights_1_9.netcdf
6,netherlands,onshore_wind,monetary,22533.56304330232,results_plan_cluster_2013_2012_weights_1_9.netcdf
7,netherlands,solar,monetary,27680.309398857575,results_plan_cluster_2013_2012_weights_1_9.netcdf
0,netherlands,battery,monetary,1097.4572624642433,results_plan_cluster_2013_2014_weights_1_9.netcdf
1,netherlands,electrolyser,monetary,31135.258858297704,results_plan_cluster_2013_2014_weights_1_9.netcdf
2,netherlands,h2_elec_conversion,monetary,18280.77971298071,results_plan_cluster_2013_2014_weights_1_9.netcdf
3,netherlands,h2_salt_cavern,monetary,17774.507137200195,results_plan_cluster_2013_2014_weights_1_9.netcdf
4,netherlands,nuclear,monetary,15243.546915859733,results_plan_cluster_2013_2014_weights_1_9.netcdf
5,netherlands,offshore_wind,monetary,78582.62653905306,results_plan_cluster_2013_2014_weights_1_9.netcdf
6,netherlands,onshore_wind,monetary,22472.72946079557,results_plan_cluster_2013_2014_weights_1_9.netcdf
7,netherlands,solar,monetary,31398.336195849257,results_plan_cluster_2013_2014_weights_1_9.netcdf
0,netherlands,battery,monetary,856.9213909693807,results_plan_cluster_2013_2015_weights_1_9.netcdf
1,netherlands,electrolyser,monetary,30544.190251682125,results_plan_cluster_2013_2015_weights_1_9.netcdf
2,netherlands,h2_elec_conversion,monetary,18515.955583451047,results_plan_cluster_2013_2015_weights_1_9.netcdf
3,netherlands,h2_salt_cavern,monetary,14557.424672766008,results_plan_cluster_2013_2015_weights_1_9.netcdf
4,netherlands,nuclear,monetary,15243.546915859733,results_plan_cluster_2013_2015_weights_1_9.netcdf
5,netherlands,offshore_wind,monetary,69652.64731302139,results_plan_cluster_2013_2015_weights_1_9.netcdf
6,netherlands,onshore_wind,monetary,22532.31489821016,results_plan_cluster_2013_2015_weights_1_9.netcdf
7,netherlands,solar,monetary,30391.914657232453,results_plan_cluster_2013_2015_weights_1_9.netcdf
0,netherlands,battery,monetary,1633.890833384588,results_plan_cluster_2013_2016_weights_1_9.netcdf
1,netherlands,electrolyser,monetary,27991.895222141677,results_plan_cluster_2013_2016_weights_1_9.netcdf
2,netherlands,h2_elec_conversion,monetary,18157.59497939259,results_plan_cluster_2013_2016_weights_1_9.netcdf
3,netherlands,h2_salt_cavern,monetary,32721.194098924276,results_plan_cluster_2013_2016_weights_1_9.netcdf
4,netherlands,nuclear,monetary,15281.133743871442,results_plan_cluster_2013_2016_weights_1_9.netcdf
5,netherlands,offshore_wind,monetary,80715.15262982585,results_plan_cluster_2013_2016_weights_1_9.netcdf
6,netherlands,onshore_wind,monetary,22462.21827375062,results_plan_cluster_2013_2016_weights_1_9.netcdf
7,netherlands,solar,monetary,32667.884063545247,results_plan_cluster_2013_2016_weights_1_9.netcdf
0,netherlands,battery,monetary,782.4289962478283,results_plan_cluster_2013_2017_weights_1_9.netcdf
1,netherlands,electrolyser,monetary,31427.163879710395,results_plan_cluster_2013_2017_weights_1_9.netcdf
2,netherlands,h2_elec_conversion,monetary,18566.27797247146,results_plan_cluster_2013_2017_weights_1_9.netcdf
3,netherlands,h2_salt_cavern,monetary,15596.224430179082,results_plan_cluster_2013_2017_weights_1_9.netcdf
4,netherlands,nuclear,monetary,15260.961149145862,results_plan_cluster_2013_2017_weights_1_9.netcdf
5,netherlands,offshore_wind,monetary,80004.59339140344,results_plan_cluster_2013_2017_weights_1_9.netcdf
6,netherlands,onshore_wind,monetary,22474.45684767021,results_plan_cluster_2013_2017_weights_1_9.netcdf
7,netherlands,solar,monetary,27935.53040661806,results_plan_cluster_2013_2017_weights_1_9.netcdf
0,netherlands,battery,monetary,1394.2609469176618,results_plan_cluster_2013_2018_weights_1_9.netcdf
1,netherlands,electrolyser,monetary,28823.63560055413,results_plan_cluster_2013_2018_weights_1_9.netcdf
2,netherlands,h2_elec_conversion,monetary,17705.344851419744,results_plan_cluster_2013_2018_weights_1_9.netcdf
3,netherlands,h2_salt_cavern,monetary,16095.63714430851,results_plan_cluster_2013_2018_weights_1_9.netcdf
4,netherlands,nuclear,monetary,15272.774485299753,results_plan_cluster_2013_2018_weights_1_9.netcdf
5,netherlands,offshore_wind,monetary,76164.03816389917,results_plan_cluster_2013_2018_weights_1_9.netcdf
6,netherlands,onshore_wind,monetary,22453.368545588797,results_plan_cluster_2013_2018_weights_1_9.netcdf
7,netherlands,solar,monetary,28436.552564654878,results_plan_cluster_2013_2018_weights_1_9.netcdf
0,netherlands,battery,monetary,1344.9659200485155,results_plan_cluster_2013_2019_weights_1_9.netcdf
1,netherlands,electrolyser,monetary,27945.337801466132,results_plan_cluster_2013_2019_weights_1_9.netcdf
2,netherlands,h2_elec_conversion,monetary,17992.35283855777,results_plan_cluster_2013_2019_weights_1_9.netcdf
3,netherlands,h2_salt_cavern,monetary,19397.14072030128,results_plan_cluster_2013_2019_weights_1_9.netcdf
4,netherlands,nuclear,monetary,15243.546915859728,results_plan_cluster_2013_2019_weights_1_9.netcdf
5,netherlands,offshore_wind,monetary,80758.03744426293,results_plan_cluster_2013_2019_weights_1_9.netcdf
6,netherlands,onshore_wind,monetary,22496.912274623464,results_plan_cluster_2013_2019_weights_1_9.netcdf
7,netherlands,solar,monetary,25668.0951903213,results_plan_cluster_2013_2019_weights_1_9.netcdf
0,netherlands,battery,monetary,1022.4440228468401,results_plan_cluster_2014_2010_weights_1_9.netcdf
1,netherlands,electrolyser,monetary,32481.368267357833,results_plan_cluster_2014_2010_weights_1_9.netcdf
2,netherlands,h2_elec_conversion,monetary,19106.157153014312,results_plan_cluster_2014_2010_weights_1_9.netcdf
3,netherlands,h2_salt_cavern,monetary,19436.98986960028,results_plan_cluster_2014_2010_weights_1_9.netcdf
4,netherlands,nuclear,monetary,15300.919384212724,results_plan_cluster_2014_2010_weights_1_9.netcdf
5,netherlands,offshore_wind,monetary,79451.95098933553,results_plan_cluster_2014_2010_weights_1_9.netcdf
6,netherlands,onshore_wind,monetary,22397.19122074655,results_plan_cluster_2014_2010_weights_1_9.netcdf
7,netherlands,solar,monetary,32002.176733246284,results_plan_cluster_2014_2010_weights_1_9.netcdf
0,netherlands,battery,monetary,1022.4598450055885,results_plan_cluster_2014_2010_weights_9_1.netcdf
1,netherlands,electrolyser,monetary,32598.390592912125,results_plan_cluster_2014_2010_weights_9_1.netcdf
2,netherlands,h2_elec_conversion,monetary,19011.402968156402,results_plan_cluster_2014_2010_weights_9_1.netcdf
3,netherlands,h2_salt_cavern,monetary,19483.847474017686,results_plan_cluster_2014_2010_weights_9_1.netcdf
4,netherlands,nuclear,monetary,15254.03967805536,results_plan_cluster_2014_2010_weights_9_1.netcdf
5,netherlands,offshore_wind,monetary,79280.18104471097,results_plan_cluster_2014_2010_weights_9_1.netcdf
6,netherlands,onshore_wind,monetary,22464.901359863543,results_plan_cluster_2014_2010_weights_9_1.netcdf
7,netherlands,solar,monetary,32192.595692444236,results_plan_cluster_2014_2010_weights_9_1.netcdf
0,netherlands,battery,monetary,1136.0319701237306,results_plan_cluster_2014_2011_weights_1_9.netcdf
1,netherlands,electrolyser,monetary,31516.561246756435,results_plan_cluster_2014_2011_weights_1_9.netcdf
2,netherlands,h2_elec_conversion,monetary,18250.452119905338,results_plan_cluster_2014_2011_weights_1_9.netcdf
3,netherlands,h2_salt_cavern,monetary,16015.970971875167,results_plan_cluster_2014_2011_weights_1_9.netcdf
4,netherlands,nuclear,monetary,15243.546915859733,results_plan_cluster_2014_2011_weights_1_9.netcdf
5,netherlands,offshore_wind,monetary,73368.6538674586,results_plan_cluster_2014_2011_weights_1_9.netcdf
6,netherlands,onshore_wind,monetary,22482.407384877355,results_plan_cluster_2014_2011_weights_1_9.netcdf
7,netherlands,solar,monetary,33732.70748863099,results_plan_cluster_2014_2011_weights_1_9.netcdf
0,netherlands,battery,monetary,1239.1540304683374,results_plan_cluster_2014_2012_weights_1_9.netcdf
1,netherlands,electrolyser,monetary,31619.25990924573,results_plan_cluster_2014_2012_weights_1_9.netcdf
2,netherlands,h2_elec_conversion,monetary,18269.024760654713,results_plan_cluster_2014_2012_weights_1_9.netcdf
3,netherlands,h2_salt_cavern,monetary,14731.04599044225,results_plan_cluster_2014_2012_weights_1_9.netcdf
4,netherlands,nuclear,monetary,15281.133743871442,results_plan_cluster_2014_2012_weights_1_9.netcdf
5,netherlands,offshore_wind,monetary,79182.49926766683,results_plan_cluster_2014_2012_weights_1_9.netcdf
6,netherlands,onshore_wind,monetary,22523.864566655815,results_plan_cluster_2014_2012_weights_1_9.netcdf
7,netherlands,solar,monetary,30837.423668937714,results_plan_cluster_2014_2012_weights_1_9.netcdf
0,netherlands,battery,monetary,1088.5722926790506,results_plan_cluster_2014_2013_weights_1_9.netcdf
1,netherlands,electrolyser,monetary,31206.099769277116,results_plan_cluster_2014_2013_weights_1_9.netcdf
2,netherlands,h2_elec_conversion,monetary,18270.542865112682,results_plan_cluster_2014_2013_weights_1_9.netcdf
3,netherlands,h2_salt_cavern,monetary,17351.734043040327,results_plan_cluster_2014_2013_weights_1_9.netcdf
4,netherlands,nuclear,monetary,15243.546915859733,results_plan_cluster_2014_2013_weights_1_9.netcdf
5,netherlands,offshore_wind,monetary,79367.7679218571,results_plan_cluster_2014_2013_weights_1_9.netcdf
6,netherlands,onshore_wind,monetary,22468.92510594851,results_plan_cluster_2014_2013_weights_1_9.netcdf
7,netherlands,solar,monetary,30914.04418363185,results_plan_cluster_2014_2013_weights_1_9.netcdf
0,netherlands,battery,monetary,2199.041074380022,results_plan_cluster_2014_2015_weights_1_9.netcdf
1,netherlands,electrolyser,monetary,33121.74702492821,results_plan_cluster_2014_2015_weights_1_9.netcdf
2,netherlands,h2_elec_conversion,monetary,18044.010514913014,results_plan_cluster_2014_2015_weights_1_9.netcdf
3,netherlands,h2_salt_cavern,monetary,18760.80231238805,results_plan_cluster_2014_2015_weights_1_9.netcdf
4,netherlands,nuclear,monetary,15243.546915859733,results_plan_cluster_2014_2015_weights_1_9.netcdf
5,netherlands,offshore_wind,monetary,63422.83516894376,results_plan_cluster_2014_2015_weights_1_9.netcdf
6,netherlands,onshore_wind,monetary,22509.52940800723,results_plan_cluster_2014_2015_weights_1_9.netcdf
7,netherlands,solar,monetary,37544.12914690269,results_plan_cluster_2014_2015_weights_1_9.netcdf
0,netherlands,battery,monetary,1341.4859655431278,results_plan_cluster_2014_2016_weights_1_9.netcdf
1,netherlands,electrolyser,monetary,29805.497755199198,results_plan_cluster_2014_2016_weights_1_9.netcdf
2,netherlands,h2_elec_conversion,monetary,18303.57245477567,results_plan_cluster_2014_2016_weights_1_9.netcdf
3,netherlands,h2_salt_cavern,monetary,23451.390129095387,results_plan_cluster_2014_2016_weights_1_9.netcdf
4,netherlands,nuclear,monetary,15316.923989267752,results_plan_cluster_2014_2016_weights_1_9.netcdf
5,netherlands,offshore_wind,monetary,78022.99969541183,results_plan_cluster_2014_2016_weights_1_9.netcdf
6,netherlands,onshore_wind,monetary,22463.670870327238,results_plan_cluster_2014_2016_weights_1_9.netcdf
7,netherlands,solar,monetary,33214.146059456805,results_plan_cluster_2014_2016_weights_1_9.netcdf
0,netherlands,battery,monetary,1739.2892019037292,results_plan_cluster_2014_2017_weights_1_9.netcdf
1,netherlands,electrolyser,monetary,30753.02008644917,results_plan_cluster_2014_2017_weights_1_9.netcdf
2,netherlands,h2_elec_conversion,monetary,18144.38403529967,results_plan_cluster_2014_2017_weights_1_9.netcdf
3,netherlands,h2_salt_cavern,monetary,21660.843787258582,results_plan_cluster_2014_2017_weights_1_9.netcdf
4,netherlands,nuclear,monetary,15243.546915859733,results_plan_cluster_2014_2017_weights_1_9.netcdf
5,netherlands,offshore_wind,monetary,75836.50095162842,results_plan_cluster_2014_2017_weights_1_9.netcdf
6,netherlands,onshore_wind,monetary,22456.615392875035,results_plan_cluster_2014_2017_weights_1_9.netcdf
7,netherlands,solar,monetary,32916.46278387197,results_plan_cluster_2014_2017_weights_1_9.netcdf
0,netherlands,battery,monetary,2120.0046643393803,results_plan_cluster_2014_2018_weights_1_9.netcdf
1,netherlands,electrolyser,monetary,33202.2916414296,results_plan_cluster_2014_2018_weights_1_9.netcdf
2,netherlands,h2_elec_conversion,monetary,18006.79436770224,results_plan_cluster_2014_2018_weights_1_9.netcdf
3,netherlands,h2_salt_cavern,monetary,18865.219319892924,results_plan_cluster_2014_2018_weights_1_9.netcdf
4,netherlands,nuclear,monetary,15243.546915859732,results_plan_cluster_2014_2018_weights_1_9.netcdf
5,netherlands,offshore_wind,monetary,63327.28157124103,results_plan_cluster_2014_2018_weights_1_9.netcdf
6,netherlands,onshore_wind,monetary,22430.790195975722,results_plan_cluster_2014_2018_weights_1_9.netcdf
7,netherlands,solar,monetary,37759.64385376746,results_plan_cluster_2014_2018_weights_1_9.netcdf
0,netherlands,battery,monetary,2141.2564150911426,results_plan_cluster_2014_2019_weights_1_9.netcdf
1,netherlands,electrolyser,monetary,32960.960077009404,results_plan_cluster_2014_2019_weights_1_9.netcdf
2,netherlands,h2_elec_conversion,monetary,18010.33668710984,results_plan_cluster_2014_2019_weights_1_9.netcdf
3,netherlands,h2_salt_cavern,monetary,18532.157415498095,results_plan_cluster_2014_2019_weights_1_9.netcdf
4,netherlands,nuclear,monetary,15243.546915859733,results_plan_cluster_2014_2019_weights_1_9.netcdf
5,netherlands,offshore_wind,monetary,64460.250281986286,results_plan_cluster_2014_2019_weights_1_9.netcdf
6,netherlands,onshore_wind,monetary,22463.71114643045,results_plan_cluster_2014_2019_weights_1_9.netcdf
7,netherlands,solar,monetary,37242.354579831095,results_plan_cluster_2014_2019_weights_1_9.netcdf
0,netherlands,battery,monetary,1022.4796138011793,results_plan_cluster_2015_2010_weights_1_9.netcdf
1,netherlands,electrolyser,monetary,31347.76594185346,results_plan_cluster_2015_2010_weights_1_9.netcdf
2,netherlands,h2_elec_conversion,monetary,19110.012309542915,results_plan_cluster_2015_2010_weights_1_9.netcdf
3,netherlands,h2_salt_cavern,monetary,24087.730751487754,results_plan_cluster_2015_2010_weights_1_9.netcdf
4,netherlands,nuclear,monetary,15267.816589666429,results_plan_cluster_2015_2010_weights_1_9.netcdf
5,netherlands,offshore_wind,monetary,78494.55824853912,results_plan_cluster_2015_2010_weights_1_9.netcdf
6,netherlands,onshore_wind,monetary,22407.823147421816,results_plan_cluster_2015_2010_weights_1_9.netcdf
7,netherlands,solar,monetary,30211.51721876618,results_plan_cluster_2015_2010_weights_1_9.netcdf
0,netherlands,battery,monetary,1015.7270762918146,results_plan_cluster_2015_2010_weights_9_1.netcdf
1,netherlands,electrolyser,monetary,31319.349801893746,results_plan_cluster_2015_2010_weights_9_1.netcdf
2,netherlands,h2_elec_conversion,monetary,18905.16330728561,results_plan_cluster_2015_2010_weights_9_1.netcdf
3,netherlands,h2_salt_cavern,monetary,24062.878786056426,results_plan_cluster_2015_2010_weights_9_1.netcdf
4,netherlands,nuclear,monetary,15243.546915859733,results_plan_cluster_2015_2010_weights_9_1.netcdf
5,netherlands,offshore_wind,monetary,78672.93525925995,results_plan_cluster_2015_2010_weights_9_1.netcdf
6,netherlands,onshore_wind,monetary,22528.080895794734,results_plan_cluster_2015_2010_weights_9_1.netcdf
7,netherlands,solar,monetary,30159.35144477753,results_plan_cluster_2015_2010_weights_9_1.netcdf
0,netherlands,battery,monetary,1488.2439632759895,results_plan_cluster_2015_2011_weights_1_9.netcdf
1,netherlands,electrolyser,monetary,31422.516333833242,results_plan_cluster_2015_2011_weights_1_9.netcdf
2,netherlands,h2_elec_conversion,monetary,18332.94745655701,results_plan_cluster_2015_2011_weights_1_9.netcdf
3,netherlands,h2_salt_cavern,monetary,13552.142869257563,results_plan_cluster_2015_2011_weights_1_9.netcdf
4,netherlands,nuclear,monetary,15243.546915859733,results_plan_cluster_2015_2011_weights_1_9.netcdf
5,netherlands,offshore_wind,monetary,64068.07341205458,results_plan_cluster_2015_2011_weights_1_9.netcdf
6,netherlands,onshore_wind,monetary,22491.024666334743,results_plan_cluster_2015_2011_weights_1_9.netcdf
7,netherlands,solar,monetary,32590.410602868542,results_plan_cluster_2015_2011_weights_1_9.netcdf
0,netherlands,battery,monetary,1495.4888031651953,results_plan_cluster_2015_2012_weights_1_9.netcdf
1,netherlands,electrolyser,monetary,29266.491159234487,results_plan_cluster_2015_2012_weights_1_9.netcdf
2,netherlands,h2_elec_conversion,monetary,18358.275976301236,results_plan_cluster_2015_2012_weights_1_9.netcdf
3,netherlands,h2_salt_cavern,monetary,16519.7246810464,results_plan_cluster_2015_2012_weights_1_9.netcdf
4,netherlands,nuclear,monetary,15281.133743871442,results_plan_cluster_2015_2012_weights_1_9.netcdf
5,netherlands,offshore_wind,monetary,72552.38470863142,results_plan_cluster_2015_2012_weights_1_9.netcdf
6,netherlands,onshore_wind,monetary,22524.01857363108,results_plan_cluster_2015_2012_weights_1_9.netcdf
7,netherlands,solar,monetary,30247.693014140426,results_plan_cluster_2015_2012_weights_1_9.netcdf
0,netherlands,battery,monetary,859.1375785903159,results_plan_cluster_2015_2013_weights_1_9.netcdf
1,netherlands,electrolyser,monetary,30554.866907014082,results_plan_cluster_2015_2013_weights_1_9.netcdf
2,netherlands,h2_elec_conversion,monetary,18613.6108201611,results_plan_cluster_2015_2013_weights_1_9.netcdf
3,netherlands,h2_salt_cavern,monetary,14561.56685290293,results_plan_cluster_2015_2013_weights_1_9.netcdf
4,netherlands,nuclear,monetary,15253.408931689335,results_plan_cluster_2015_2013_weights_1_9.netcdf
5,netherlands,offshore_wind,monetary,69656.34416217002,results_plan_cluster_2015_2013_weights_1_9.netcdf
6,netherlands,onshore_wind,monetary,22473.2308482177,results_plan_cluster_2015_2013_weights_1_9.netcdf
7,netherlands,solar,monetary,30444.927436959966,results_plan_cluster_2015_2013_weights_1_9.netcdf
0,netherlands,battery,monetary,2199.1217575785486,results_plan_cluster_2015_2014_weights_1_9.netcdf
1,netherlands,electrolyser,monetary,33187.52477314878,results_plan_cluster_2015_2014_weights_1_9.netcdf
2,netherlands,h2_elec_conversion,monetary,18146.463867663555,results_plan_cluster_2015_2014_weights_1_9.netcdf
3,netherlands,h2_salt_cavern,monetary,18787.089016310976,results_plan_cluster_2015_2014_weights_1_9.netcdf
4,netherlands,nuclear,monetary,15243.546915859733,results_plan_cluster_2015_2014_weights_1_9.netcdf
5,netherlands,offshore_wind,monetary,63449.137239042866,results_plan_cluster_2015_2014_weights_1_9.netcdf
6,netherlands,onshore_wind,monetary,22460.509987908055,results_plan_cluster_2015_2014_weights_1_9.netcdf
7,netherlands,solar,monetary,37506.6720195932,results_plan_cluster_2015_2014_weights_1_9.netcdf
0,netherlands,battery,monetary,1497.6543688678992,results_plan_cluster_2015_2016_weights_1_9.netcdf
1,netherlands,electrolyser,monetary,29268.97492980756,results_plan_cluster_2015_2016_weights_1_9.netcdf
2,netherlands,h2_elec_conversion,monetary,18379.21203452201,results_plan_cluster_2015_2016_weights_1_9.netcdf
3,netherlands,h2_salt_cavern,monetary,27948.230020200528,results_plan_cluster_2015_2016_weights_1_9.netcdf
4,netherlands,nuclear,monetary,15281.133743871442,results_plan_cluster_2015_2016_weights_1_9.netcdf
5,netherlands,offshore_wind,monetary,77331.60421947739,results_plan_cluster_2015_2016_weights_1_9.netcdf
6,netherlands,onshore_wind,monetary,22470.754399495898,results_plan_cluster_2015_2016_weights_1_9.netcdf
7,netherlands,solar,monetary,32965.38375618728,results_plan_cluster_2015_2016_weights_1_9.netcdf
0,netherlands,battery,monetary,1491.360892509991,results_plan_cluster_2015_2017_weights_1_9.netcdf
1,netherlands,electrolyser,monetary,31686.79386873486,results_plan_cluster_2015_2017_weights_1_9.netcdf
2,netherlands,h2_elec_conversion,monetary,18373.472355453887,results_plan_cluster_2015_2017_weights_1_9.netcdf
3,netherlands,h2_salt_cavern,monetary,15993.717014926477,results_plan_cluster_2015_2017_weights_1_9.netcdf
4,netherlands,nuclear,monetary,15254.826933516828,results_plan_cluster_2015_2017_weights_1_9.netcdf
5,netherlands,offshore_wind,monetary,71306.29483883294,results_plan_cluster_2015_2017_weights_1_9.netcdf
6,netherlands,onshore_wind,monetary,22469.603194049472,results_plan_cluster_2015_2017_weights_1_9.netcdf
7,netherlands,solar,monetary,31037.83603064661,results_plan_cluster_2015_2017_weights_1_9.netcdf
0,netherlands,battery,monetary,1491.3587356503915,results_plan_cluster_2015_2018_weights_1_9.netcdf
1,netherlands,electrolyser,monetary,29770.52352031862,results_plan_cluster_2015_2018_weights_1_9.netcdf
2,netherlands,h2_elec_conversion,monetary,18284.704330905108,results_plan_cluster_2015_2018_weights_1_9.netcdf
3,netherlands,h2_salt_cavern,monetary,12712.383607124884,results_plan_cluster_2015_2018_weights_1_9.netcdf
4,netherlands,nuclear,monetary,15243.546915859733,results_plan_cluster_2015_2018_weights_1_9.netcdf
5,netherlands,offshore_wind,monetary,71347.8617232845,results_plan_cluster_2015_2018_weights_1_9.netcdf
6,netherlands,onshore_wind,monetary,22463.08612089431,results_plan_cluster_2015_2018_weights_1_9.netcdf
7,netherlands,solar,monetary,28667.672449012127,results_plan_cluster_2015_2018_weights_1_9.netcdf
0,netherlands,battery,monetary,639.004958541376,results_plan_cluster_2015_2019_weights_1_9.netcdf
1,netherlands,electrolyser,monetary,28192.254464565645,results_plan_cluster_2015_2019_weights_1_9.netcdf
2,netherlands,h2_elec_conversion,monetary,18652.92023404389,results_plan_cluster_2015_2019_weights_1_9.netcdf
3,netherlands,h2_salt_cavern,monetary,14981.483823041852,results_plan_cluster_2015_2019_weights_1_9.netcdf
4,netherlands,nuclear,monetary,15243.546915859733,results_plan_cluster_2015_2019_weights_1_9.netcdf
5,netherlands,offshore_wind,monetary,77659.70510612066,results_plan_cluster_2015_2019_weights_1_9.netcdf
6,netherlands,onshore_wind,monetary,22510.634229777872,results_plan_cluster_2015_2019_weights_1_9.netcdf
7,netherlands,solar,monetary,24646.043676786332,results_plan_cluster_2015_2019_weights_1_9.netcdf
0,netherlands,battery,monetary,1022.2404103036674,results_plan_cluster_2016_2010_weights_1_9.netcdf
1,netherlands,electrolyser,monetary,29795.016058302383,results_plan_cluster_2016_2010_weights_1_9.netcdf
2,netherlands,h2_elec_conversion,monetary,19056.88324752552,results_plan_cluster_2016_2010_weights_1_9.netcdf
3,netherlands,h2_salt_cavern,monetary,26151.734291057055,results_plan_cluster_2016_2010_weights_1_9.netcdf
4,netherlands,nuclear,monetary,15247.723230083262,results_plan_cluster_2016_2010_weights_1_9.netcdf
5,netherlands,offshore_wind,monetary,89653.42160356589,results_plan_cluster_2016_2010_weights_1_9.netcdf
6,netherlands,onshore_wind,monetary,22396.125057695623,results_plan_cluster_2016_2010_weights_1_9.netcdf
7,netherlands,solar,monetary,31158.01657562821,results_plan_cluster_2016_2010_weights_1_9.netcdf
0,netherlands,battery,monetary,1024.5292925838858,results_plan_cluster_2016_2010_weights_9_1.netcdf
1,netherlands,electrolyser,monetary,29840.48038180133,results_plan_cluster_2016_2010_weights_9_1.netcdf
2,netherlands,h2_elec_conversion,monetary,19052.131481269174,results_plan_cluster_2016_2010_weights_9_1.netcdf
3,netherlands,h2_salt_cavern,monetary,26197.034549436314,results_plan_cluster_2016_2010_weights_9_1.netcdf
4,netherlands,nuclear,monetary,15281.133743871453,results_plan_cluster_2016_2010_weights_9_1.netcdf
5,netherlands,offshore_wind,monetary,90034.52542701122,results_plan_cluster_2016_2010_weights_9_1.netcdf
6,netherlands,onshore_wind,monetary,22463.355663747796,results_plan_cluster_2016_2010_weights_9_1.netcdf
7,netherlands,solar,monetary,31145.0508351292,results_plan_cluster_2016_2010_weights_9_1.netcdf
0,netherlands,battery,monetary,1554.9863802565976,results_plan_cluster_2016_2011_weights_1_9.netcdf
1,netherlands,electrolyser,monetary,28225.822628789738,results_plan_cluster_2016_2011_weights_1_9.netcdf
2,netherlands,h2_elec_conversion,monetary,18044.662839123208,results_plan_cluster_2016_2011_weights_1_9.netcdf
3,netherlands,h2_salt_cavern,monetary,24744.23785127606,results_plan_cluster_2016_2011_weights_1_9.netcdf
4,netherlands,nuclear,monetary,15247.723230083255,results_plan_cluster_2016_2011_weights_1_9.netcdf
5,netherlands,offshore_wind,monetary,86001.68427133646,results_plan_cluster_2016_2011_weights_1_9.netcdf
6,netherlands,onshore_wind,monetary,22493.57299003585,results_plan_cluster_2016_2011_weights_1_9.netcdf
7,netherlands,solar,monetary,29680.55574385119,results_plan_cluster_2016_2011_weights_1_9.netcdf
0,netherlands,battery,monetary,1311.4836910094793,results_plan_cluster_2016_2012_weights_1_9.netcdf
1,netherlands,electrolyser,monetary,33270.59714987869,results_plan_cluster_2016_2012_weights_1_9.netcdf
2,netherlands,h2_elec_conversion,monetary,18190.78616982471,results_plan_cluster_2016_2012_weights_1_9.netcdf
3,netherlands,h2_salt_cavern,monetary,16971.92908615904,results_plan_cluster_2016_2012_weights_1_9.netcdf
4,netherlands,nuclear,monetary,15285.310058094965,results_plan_cluster_2016_2012_weights_1_9.netcdf
5,netherlands,offshore_wind,monetary,88444.62868829767,results_plan_cluster_2016_2012_weights_1_9.netcdf
6,netherlands,onshore_wind,monetary,22521.27425223805,results_plan_cluster_2016_2012_weights_1_9.netcdf
7,netherlands,solar,monetary,32710.192080937457,results_plan_cluster_2016_2012_weights_1_9.netcdf
0,netherlands,battery,monetary,1629.201721950357,results_plan_cluster_2016_2013_weights_1_9.netcdf
1,netherlands,electrolyser,monetary,27866.008359570464,results_plan_cluster_2016_2013_weights_1_9.netcdf
2,netherlands,h2_elec_conversion,monetary,18060.923659024862,results_plan_cluster_2016_2013_weights_1_9.netcdf
3,netherlands,h2_salt_cavern,monetary,32542.44383089203,results_plan_cluster_2016_2013_weights_1_9.netcdf
4,netherlands,nuclear,monetary,15247.723230083255,results_plan_cluster_2016_2013_weights_1_9.netcdf
5,netherlands,offshore_wind,monetary,80858.038458279,results_plan_cluster_2016_2013_weights_1_9.netcdf
6,netherlands,onshore_wind,monetary,22455.043052884466,results_plan_cluster_2016_2013_weights_1_9.netcdf
7,netherlands,solar,monetary,32558.8797848212,results_plan_cluster_2016_2013_weights_1_9.netcdf
0,netherlands,battery,monetary,1338.7052225354532,results_plan_cluster_2016_2014_weights_1_9.netcdf
1,netherlands,electrolyser,monetary,29670.4766208406,results_plan_cluster_2016_2014_weights_1_9.netcdf
2,netherlands,h2_elec_conversion,monetary,18216.36375845923,results_plan_cluster_2016_2014_weights_1_9.netcdf
3,netherlands,h2_salt_cavern,monetary,23366.78803787188,results_plan_cluster_2016_2014_weights_1_9.netcdf
4,netherlands,nuclear,monetary,15250.93076801291,results_plan_cluster_2016_2014_weights_1_9.netcdf
5,netherlands,offshore_wind,monetary,78058.77061725869,results_plan_cluster_2016_2014_weights_1_9.netcdf
6,netherlands,onshore_wind,monetary,22462.84895727236,results_plan_cluster_2016_2014_weights_1_9.netcdf
7,netherlands,solar,monetary,33130.94246880478,results_plan_cluster_2016_2014_weights_1_9.netcdf
0,netherlands,battery,monetary,1494.9280045777612,results_plan_cluster_2016_2015_weights_1_9.netcdf
1,netherlands,electrolyser,monetary,29201.535434113266,results_plan_cluster_2016_2015_weights_1_9.netcdf
2,netherlands,h2_elec_conversion,monetary,18179.431843974922,results_plan_cluster_2016_2015_weights_1_9.netcdf
3,netherlands,h2_salt_cavern,monetary,27193.459333372444,results_plan_cluster_2016_2015_weights_1_9.netcdf
4,netherlands,nuclear,monetary,15247.723230083255,results_plan_cluster_2016_2015_weights_1_9.netcdf
5,netherlands,offshore_wind,monetary,78665.4429046687,results_plan_cluster_2016_2015_weights_1_9.netcdf
6,netherlands,onshore_wind,monetary,22521.749801375852,results_plan_cluster_2016_2015_weights_1_9.netcdf
7,netherlands,solar,monetary,32163.890505781274,results_plan_cluster_2016_2015_weights_1_9.netcdf
0,netherlands,battery,monetary,409.7252807930717,results_plan_cluster_2016_2017_weights_1_1.netcdf
1,netherlands,electrolyser,monetary,5677.531190035164,results_plan_cluster_2016_2017_weights_1_1.netcdf
2,netherlands,h2_elec_conversion,monetary,3600.6838587569378,results_plan_cluster_2016_2017_weights_1_1.netcdf
3,netherlands,h2_salt_cavern,monetary,6600.785085622445,results_plan_cluster_2016_2017_weights_1_1.netcdf
4,netherlands,nuclear,monetary,3052.9766293700136,results_plan_cluster_2016_2017_weights_1_1.netcdf
5,netherlands,offshore_wind,monetary,16585.90389740458,results_plan_cluster_2016_2017_weights_1_1.netcdf
6,netherlands,onshore_wind,monetary,4491.275513884118,results_plan_cluster_2016_2017_weights_1_1.netcdf
7,netherlands,solar,monetary,6511.545262236982,results_plan_cluster_2016_2017_weights_1_1.netcdf
0,netherlands,battery,monetary,818.9151633419485,results_plan_cluster_2016_2017_weights_1_3.netcdf
1,netherlands,electrolyser,monetary,11349.809976515997,results_plan_cluster_2016_2017_weights_1_3.netcdf
2,netherlands,h2_elec_conversion,monetary,7195.6439485715455,results_plan_cluster_2016_2017_weights_1_3.netcdf
3,netherlands,h2_salt_cavern,monetary,13193.869427500851,results_plan_cluster_2016_2017_weights_1_3.netcdf
4,netherlands,nuclear,monetary,6101.595080567416,results_plan_cluster_2016_2017_weights_1_3.netcdf
5,netherlands,offshore_wind,monetary,33156.378792109,results_plan_cluster_2016_2017_weights_1_3.netcdf
6,netherlands,onshore_wind,monetary,8981.090172136044,results_plan_cluster_2016_2017_weights_1_3.netcdf
7,netherlands,solar,monetary,13016.251561482082,results_plan_cluster_2016_2017_weights_1_3.netcdf
0,netherlands,battery,monetary,1228.0901189069018,results_plan_cluster_2016_2017_weights_1_5.netcdf
1,netherlands,electrolyser,monetary,17020.41089548304,results_plan_cluster_2016_2017_weights_1_5.netcdf
2,netherlands,h2_elec_conversion,monetary,10790.584059699491,results_plan_cluster_2016_2017_weights_1_5.netcdf
3,netherlands,h2_salt_cavern,monetary,19784.272677516343,results_plan_cluster_2016_2017_weights_1_5.netcdf
4,netherlands,nuclear,monetary,9150.304463739363,results_plan_cluster_2016_2017_weights_1_5.netcdf
5,netherlands,offshore_wind,monetary,49732.224571869825,results_plan_cluster_2016_2017_weights_1_5.netcdf
6,netherlands,onshore_wind,monetary,13470.949211016894,results_plan_cluster_2016_2017_weights_1_5.netcdf
7,netherlands,solar,monetary,19519.84461732594,results_plan_cluster_2016_2017_weights_1_5.netcdf
0,netherlands,battery,monetary,1637.1931295919962,results_plan_cluster_2016_2017_weights_1_7.netcdf
1,netherlands,electrolyser,monetary,22688.5273270254,results_plan_cluster_2016_2017_weights_1_7.netcdf
2,netherlands,h2_elec_conversion,monetary,14385.519115937248,results_plan_cluster_2016_2017_weights_1_7.netcdf
3,netherlands,h2_salt_cavern,monetary,26371.668210305514,results_plan_cluster_2016_2017_weights_1_7.netcdf
4,netherlands,nuclear,monetary,12199.01384691131,results_plan_cluster_2016_2017_weights_1_7.netcdf
5,netherlands,offshore_wind,monetary,66316.89591384972,results_plan_cluster_2016_2017_weights_1_7.netcdf
6,netherlands,onshore_wind,monetary,17960.797473219835,results_plan_cluster_2016_2017_weights_1_7.netcdf
7,netherlands,solar,monetary,26020.140491816877,results_plan_cluster_2016_2017_weights_1_7.netcdf
0,netherlands,battery,monetary,2046.3509648859215,results_plan_cluster_2016_2017_weights_1_9.netcdf
1,netherlands,electrolyser,monetary,28358.789438677537,results_plan_cluster_2016_2017_weights_1_9.netcdf
2,netherlands,h2_elec_conversion,monetary,17980.465648958536,results_plan_cluster_2016_2017_weights_1_9.netcdf
3,netherlands,h2_salt_cavern,monetary,32962.14256602505,results_plan_cluster_2016_2017_weights_1_9.netcdf
4,netherlands,nuclear,monetary,15247.723230083255,results_plan_cluster_2016_2017_weights_1_9.netcdf
5,netherlands,offshore_wind,monetary,82893.7238343726,results_plan_cluster_2016_2017_weights_1_9.netcdf
6,netherlands,onshore_wind,monetary,22450.6493190661,results_plan_cluster_2016_2017_weights_1_9.netcdf
7,netherlands,solar,monetary,32522.977536283863,results_plan_cluster_2016_2017_weights_1_9.netcdf
0,netherlands,battery,monetary,820.0947688818087,results_plan_cluster_2016_2017_weights_3_1.netcdf
1,netherlands,electrolyser,monetary,11367.541998132692,results_plan_cluster_2016_2017_weights_3_1.netcdf
2,netherlands,h2_elec_conversion,monetary,7207.056926658111,results_plan_cluster_2016_2017_weights_3_1.netcdf
3,netherlands,h2_salt_cavern,monetary,13206.8793876755,results_plan_cluster_2016_2017_weights_3_1.netcdf
4,netherlands,nuclear,monetary,6109.9477090144655,results_plan_cluster_2016_2017_weights_3_1.netcdf
5,netherlands,offshore_wind,monetary,33177.23794272116,results_plan_cluster_2016_2017_weights_3_1.netcdf
6,netherlands,onshore_wind,monetary,8984.087806539173,results_plan_cluster_2016_2017_weights_3_1.netcdf
7,netherlands,solar,monetary,13035.530758649069,results_plan_cluster_2016_2017_weights_3_1.netcdf
0,netherlands,battery,monetary,1230.4324634119455,results_plan_cluster_2016_2017_weights_5_1.netcdf
1,netherlands,electrolyser,monetary,17055.954822959324,results_plan_cluster_2016_2017_weights_5_1.netcdf
2,netherlands,h2_elec_conversion,monetary,10813.43597472329,results_plan_cluster_2016_2017_weights_5_1.netcdf
3,netherlands,h2_salt_cavern,monetary,19813.18790786861,results_plan_cluster_2016_2017_weights_5_1.netcdf
4,netherlands,nuclear,monetary,9167.009720633454,results_plan_cluster_2016_2017_weights_5_1.netcdf
5,netherlands,offshore_wind,monetary,49770.93832951832,results_plan_cluster_2016_2017_weights_5_1.netcdf
6,netherlands,onshore_wind,monetary,13476.94467169428,results_plan_cluster_2016_2017_weights_5_1.netcdf
7,netherlands,solar,monetary,19558.11377307074,results_plan_cluster_2016_2017_weights_5_1.netcdf
0,netherlands,battery,monetary,1640.7801595035946,results_plan_cluster_2016_2017_weights_7_1.netcdf
1,netherlands,electrolyser,monetary,22744.726835835558,results_plan_cluster_2016_2017_weights_7_1.netcdf
2,netherlands,h2_elec_conversion,monetary,14419.81859339876,results_plan_cluster_2016_2017_weights_7_1.netcdf
3,netherlands,h2_salt_cavern,monetary,26420.16125160928,results_plan_cluster_2016_2017_weights_7_1.netcdf
4,netherlands,nuclear,monetary,12224.071732252456,results_plan_cluster_2016_2017_weights_7_1.netcdf
5,netherlands,offshore_wind,monetary,66363.12585907483,results_plan_cluster_2016_2017_weights_7_1.netcdf
6,netherlands,onshore_wind,monetary,17969.780787511612,results_plan_cluster_2016_2017_weights_7_1.netcdf
7,netherlands,solar,monetary,26081.151178537868,results_plan_cluster_2016_2017_weights_7_1.netcdf
0,netherlands,battery,monetary,2051.2357072708046,results_plan_cluster_2016_2017_weights_9_1.netcdf
1,netherlands,electrolyser,monetary,28438.221570409893,results_plan_cluster_2016_2017_weights_9_1.netcdf
2,netherlands,h2_elec_conversion,monetary,18026.21325402332,results_plan_cluster_2016_2017_weights_9_1.netcdf
3,netherlands,h2_salt_cavern,monetary,33030.653828170274,results_plan_cluster_2016_2017_weights_9_1.netcdf
4,netherlands,nuclear,monetary,15281.133743871445,results_plan_cluster_2016_2017_weights_9_1.netcdf
5,netherlands,offshore_wind,monetary,82941.95956146141,results_plan_cluster_2016_2017_weights_9_1.netcdf
6,netherlands,onshore_wind,monetary,22462.636794734124,results_plan_cluster_2016_2017_weights_9_1.netcdf
7,netherlands,solar,monetary,32609.143128376898,results_plan_cluster_2016_2017_weights_9_1.netcdf
0,netherlands,battery,monetary,1671.0444686924773,results_plan_cluster_2016_2018_weights_1_9.netcdf
1,netherlands,electrolyser,monetary,29476.95557603635,results_plan_cluster_2016_2018_weights_1_9.netcdf
2,netherlands,h2_elec_conversion,monetary,18028.643711183453,results_plan_cluster_2016_2018_weights_1_9.netcdf
3,netherlands,h2_salt_cavern,monetary,26553.92367945996,results_plan_cluster_2016_2018_weights_1_9.netcdf
4,netherlands,nuclear,monetary,15247.723230083255,results_plan_cluster_2016_2018_weights_1_9.netcdf
5,netherlands,offshore_wind,monetary,74742.03298077901,results_plan_cluster_2016_2018_weights_1_9.netcdf
6,netherlands,onshore_wind,monetary,22434.063239557145,results_plan_cluster_2016_2018_weights_1_9.netcdf
7,netherlands,solar,monetary,34006.839439393036,results_plan_cluster_2016_2018_weights_1_9.netcdf
0,netherlands,battery,monetary,1590.5561503727115,results_plan_cluster_2016_2019_weights_1_9.netcdf
1,netherlands,electrolyser,monetary,29422.398893821348,results_plan_cluster_2016_2019_weights_1_9.netcdf
2,netherlands,h2_elec_conversion,monetary,18047.38013418022,results_plan_cluster_2016_2019_weights_1_9.netcdf
3,netherlands,h2_salt_cavern,monetary,25492.58978010512,results_plan_cluster_2016_2019_weights_1_9.netcdf
4,netherlands,nuclear,monetary,15247.723230083255,results_plan_cluster_2016_2019_weights_1_9.netcdf
5,netherlands,offshore_wind,monetary,80922.08726047317,results_plan_cluster_2016_2019_weights_1_9.netcdf
6,netherlands,onshore_wind,monetary,22479.608261288286,results_plan_cluster_2016_2019_weights_1_9.netcdf
7,netherlands,solar,monetary,30908.859403906554,results_plan_cluster_2016_2019_weights_1_9.netcdf
0,netherlands,battery,monetary,1022.2802472287918,results_plan_cluster_2017_2010_weights_1_9.netcdf
1,netherlands,electrolyser,monetary,31971.026855651966,results_plan_cluster_2017_2010_weights_1_9.netcdf
2,netherlands,h2_elec_conversion,monetary,19089.354213677754,results_plan_cluster_2017_2010_weights_1_9.netcdf
3,netherlands,h2_salt_cavern,monetary,30429.609691834372,results_plan_cluster_2017_2010_weights_1_9.netcdf
4,netherlands,nuclear,monetary,15289.826372004678,results_plan_cluster_2017_2010_weights_1_9.netcdf
5,netherlands,offshore_wind,monetary,82983.72474973119,results_plan_cluster_2017_2010_weights_1_9.netcdf
6,netherlands,onshore_wind,monetary,22396.069500402453,results_plan_cluster_2017_2010_weights_1_9.netcdf
7,netherlands,solar,monetary,31695.67420286145,results_plan_cluster_2017_2010_weights_1_9.netcdf
0,netherlands,battery,monetary,1022.3063654497465,results_plan_cluster_2017_2010_weights_9_1.netcdf
1,netherlands,electrolyser,monetary,31901.68954002197,results_plan_cluster_2017_2010_weights_9_1.netcdf
2,netherlands,h2_elec_conversion,monetary,19033.198287328505,results_plan_cluster_2017_2010_weights_9_1.netcdf
3,netherlands,h2_salt_cavern,monetary,30404.497895028504,results_plan_cluster_2017_2010_weights_9_1.netcdf
4,netherlands,nuclear,monetary,15263.643205899622,results_plan_cluster_2017_2010_weights_9_1.netcdf
5,netherlands,offshore_wind,monetary,83262.93157512005,results_plan_cluster_2017_2010_weights_9_1.netcdf
6,netherlands,onshore_wind,monetary,22452.48808637424,results_plan_cluster_2017_2010_weights_9_1.netcdf
7,netherlands,solar,monetary,31723.61369173385,results_plan_cluster_2017_2010_weights_9_1.netcdf
0,netherlands,battery,monetary,2223.5326103500756,results_plan_cluster_2017_2011_weights_1_9.netcdf
1,netherlands,electrolyser,monetary,30979.25196007183,results_plan_cluster_2017_2011_weights_1_9.netcdf
2,netherlands,h2_elec_conversion,monetary,17878.75076414998,results_plan_cluster_2017_2011_weights_1_9.netcdf
3,netherlands,h2_salt_cavern,monetary,15538.521789470817,results_plan_cluster_2017_2011_weights_1_9.netcdf
4,netherlands,nuclear,monetary,15243.546915859733,results_plan_cluster_2017_2011_weights_1_9.netcdf
5,netherlands,offshore_wind,monetary,73390.74996980767,results_plan_cluster_2017_2011_weights_1_9.netcdf
6,netherlands,onshore_wind,monetary,22493.44185754966,results_plan_cluster_2017_2011_weights_1_9.netcdf
7,netherlands,solar,monetary,30987.354690135224,results_plan_cluster_2017_2011_weights_1_9.netcdf
0,netherlands,battery,monetary,1118.7836862488384,results_plan_cluster_2017_2012_weights_1_9.netcdf
1,netherlands,electrolyser,monetary,31431.56456086633,results_plan_cluster_2017_2012_weights_1_9.netcdf
2,netherlands,h2_elec_conversion,monetary,18419.442533700578,results_plan_cluster_2017_2012_weights_1_9.netcdf
3,netherlands,h2_salt_cavern,monetary,19792.98538319038,results_plan_cluster_2017_2012_weights_1_9.netcdf
4,netherlands,nuclear,monetary,15325.151790609694,results_plan_cluster_2017_2012_weights_1_9.netcdf
5,netherlands,offshore_wind,monetary,77877.87122740889,results_plan_cluster_2017_2012_weights_1_9.netcdf
6,netherlands,onshore_wind,monetary,22529.360276072966,results_plan_cluster_2017_2012_weights_1_9.netcdf
7,netherlands,solar,monetary,28982.85867921473,results_plan_cluster_2017_2012_weights_1_9.netcdf
0,netherlands,battery,monetary,784.7536182219312,results_plan_cluster_2017_2013_weights_1_9.netcdf
1,netherlands,electrolyser,monetary,31416.863754204092,results_plan_cluster_2017_2013_weights_1_9.netcdf
2,netherlands,h2_elec_conversion,monetary,18516.251736254646,results_plan_cluster_2017_2013_weights_1_9.netcdf
3,netherlands,h2_salt_cavern,monetary,15617.683876253783,results_plan_cluster_2017_2013_weights_1_9.netcdf
4,netherlands,nuclear,monetary,15243.546915859733,results_plan_cluster_2017_2013_weights_1_9.netcdf
5,netherlands,offshore_wind,monetary,79846.57202131,results_plan_cluster_2017_2013_weights_1_9.netcdf
6,netherlands,onshore_wind,monetary,22480.048107490253,results_plan_cluster_2017_2013_weights_1_9.netcdf
7,netherlands,solar,monetary,28028.242831287887,results_plan_cluster_2017_2013_weights_1_9.netcdf
0,netherlands,battery,monetary,1739.3537442618951,results_plan_cluster_2017_2014_weights_1_9.netcdf
1,netherlands,electrolyser,monetary,30745.947831465997,results_plan_cluster_2017_2014_weights_1_9.netcdf
2,netherlands,h2_elec_conversion,monetary,18107.833121410174,results_plan_cluster_2017_2014_weights_1_9.netcdf
3,netherlands,h2_salt_cavern,monetary,21644.22678546575,results_plan_cluster_2017_2014_weights_1_9.netcdf
4,netherlands,nuclear,monetary,15243.546915859733,results_plan_cluster_2017_2014_weights_1_9.netcdf
5,netherlands,offshore_wind,monetary,75849.41207591823,results_plan_cluster_2017_2014_weights_1_9.netcdf
6,netherlands,onshore_wind,monetary,22465.56293634701,results_plan_cluster_2017_2014_weights_1_9.netcdf
7,netherlands,solar,monetary,32902.30644156178,results_plan_cluster_2017_2014_weights_1_9.netcdf
0,netherlands,battery,monetary,1491.219750373767,results_plan_cluster_2017_2015_weights_1_9.netcdf
1,netherlands,electrolyser,monetary,31636.151097592527,results_plan_cluster_2017_2015_weights_1_9.netcdf
2,netherlands,h2_elec_conversion,monetary,18229.21916143695,results_plan_cluster_2017_2015_weights_1_9.netcdf
3,netherlands,h2_salt_cavern,monetary,15983.695086012489,results_plan_cluster_2017_2015_weights_1_9.netcdf
4,netherlands,nuclear,monetary,15243.546915859733,results_plan_cluster_2017_2015_weights_1_9.netcdf
5,netherlands,offshore_wind,monetary,71157.54814247972,results_plan_cluster_2017_2015_weights_1_9.netcdf
6,netherlands,onshore_wind,monetary,22531.79935152657,results_plan_cluster_2017_2015_weights_1_9.netcdf
7,netherlands,solar,monetary,31102.336550460055,results_plan_cluster_2017_2015_weights_1_9.netcdf
0,netherlands,battery,monetary,2051.2357893457233,results_plan_cluster_2017_2016_weights_1_9.netcdf
1,netherlands,electrolyser,monetary,28438.229255300936,results_plan_cluster_2017_2016_weights_1_9.netcdf
2,netherlands,h2_elec_conversion,monetary,18026.213098319655,results_plan_cluster_2017_2016_weights_1_9.netcdf
3,netherlands,h2_salt_cavern,monetary,33030.6344915196,results_plan_cluster_2017_2016_weights_1_9.netcdf
4,netherlands,nuclear,monetary,15281.133743871447,results_plan_cluster_2017_2016_weights_1_9.netcdf
5,netherlands,offshore_wind,monetary,82941.96843637328,results_plan_cluster_2017_2016_weights_1_9.netcdf
6,netherlands,onshore_wind,monetary,22462.639076913056,results_plan_cluster_2017_2016_weights_1_9.netcdf
7,netherlands,solar,monetary,32609.146295340917,results_plan_cluster_2017_2016_weights_1_9.netcdf
0,netherlands,battery,monetary,2470.602579173724,results_plan_cluster_2017_2018_weights_1_9.netcdf
1,netherlands,electrolyser,monetary,29676.108235958003,results_plan_cluster_2017_2018_weights_1_9.netcdf
2,netherlands,h2_elec_conversion,monetary,17744.730520258483,results_plan_cluster_2017_2018_weights_1_9.netcdf
3,netherlands,h2_salt_cavern,monetary,17461.471981693147,results_plan_cluster_2017_2018_weights_1_9.netcdf
4,netherlands,nuclear,monetary,15275.105132178041,results_plan_cluster_2017_2018_weights_1_9.netcdf
5,netherlands,offshore_wind,monetary,75448.38492414755,results_plan_cluster_2017_2018_weights_1_9.netcdf
6,netherlands,onshore_wind,monetary,22449.442053357227,results_plan_cluster_2017_2018_weights_1_9.netcdf
7,netherlands,solar,monetary,29825.327522988835,results_plan_cluster_2017_2018_weights_1_9.netcdf
0,netherlands,battery,monetary,1561.5219980422496,results_plan_cluster_2017_2019_weights_1_9.netcdf
1,netherlands,electrolyser,monetary,28842.289428735145,results_plan_cluster_2017_2019_weights_1_9.netcdf
2,netherlands,h2_elec_conversion,monetary,18137.0271259489,results_plan_cluster_2017_2019_weights_1_9.netcdf
3,netherlands,h2_salt_cavern,monetary,20167.30925755681,results_plan_cluster_2017_2019_weights_1_9.netcdf
4,netherlands,nuclear,monetary,15254.20118577371,results_plan_cluster_2017_2019_weights_1_9.netcdf
5,netherlands,offshore_wind,monetary,81142.19387837504,results_plan_cluster_2017_2019_weights_1_9.netcdf
6,netherlands,onshore_wind,monetary,22493.958173028943,results_plan_cluster_2017_2019_weights_1_9.netcdf
7,netherlands,solar,monetary,26554.2839476303,results_plan_cluster_2017_2019_weights_1_9.netcdf
0,netherlands,battery,monetary,1022.490106333701,results_plan_cluster_2018_2010_weights_1_9.netcdf
1,netherlands,electrolyser,monetary,31928.143802549224,results_plan_cluster_2018_2010_weights_1_9.netcdf
2,netherlands,h2_elec_conversion,monetary,19109.70686085337,results_plan_cluster_2018_2010_weights_1_9.netcdf
3,netherlands,h2_salt_cavern,monetary,21528.413054477325,results_plan_cluster_2018_2010_weights_1_9.netcdf
4,netherlands,nuclear,monetary,15295.89560123308,results_plan_cluster_2018_2010_weights_1_9.netcdf
5,netherlands,offshore_wind,monetary,78539.7321858524,results_plan_cluster_2018_2010_weights_1_9.netcdf
6,netherlands,onshore_wind,monetary,22396.084932493217,results_plan_cluster_2018_2010_weights_1_9.netcdf
7,netherlands,solar,monetary,31268.267261030887,results_plan_cluster_2018_2010_weights_1_9.netcdf
0,netherlands,battery,monetary,1022.5069529293369,results_plan_cluster_2018_2010_weights_9_1.netcdf
1,netherlands,electrolyser,monetary,31968.57016107854,results_plan_cluster_2018_2010_weights_9_1.netcdf
2,netherlands,h2_elec_conversion,monetary,18956.81769453453,results_plan_cluster_2018_2010_weights_9_1.netcdf
3,netherlands,h2_salt_cavern,monetary,21530.768441691453,results_plan_cluster_2018_2010_weights_9_1.netcdf
4,netherlands,nuclear,monetary,15243.546915859733,results_plan_cluster_2018_2010_weights_9_1.netcdf
5,netherlands,offshore_wind,monetary,78729.47766478897,results_plan_cluster_2018_2010_weights_9_1.netcdf
6,netherlands,onshore_wind,monetary,22443.31562177647,results_plan_cluster_2018_2010_weights_9_1.netcdf
7,netherlands,solar,monetary,31229.69340118946,results_plan_cluster_2018_2010_weights_9_1.netcdf
0,netherlands,battery,monetary,1632.1042512607657,results_plan_cluster_2018_2011_weights_1_9.netcdf
1,netherlands,electrolyser,monetary,28458.617372291745,results_plan_cluster_2018_2011_weights_1_9.netcdf
2,netherlands,h2_elec_conversion,monetary,18028.978056532807,results_plan_cluster_2018_2011_weights_1_9.netcdf
3,netherlands,h2_salt_cavern,monetary,12224.22321082285,results_plan_cluster_2018_2011_weights_1_9.netcdf
4,netherlands,nuclear,monetary,15243.546915859733,results_plan_cluster_2018_2011_weights_1_9.netcdf
5,netherlands,offshore_wind,monetary,76301.1240694764,results_plan_cluster_2018_2011_weights_1_9.netcdf
6,netherlands,onshore_wind,monetary,22497.748758725822,results_plan_cluster_2018_2011_weights_1_9.netcdf
7,netherlands,solar,monetary,28331.021798151058,results_plan_cluster_2018_2011_weights_1_9.netcdf
0,netherlands,battery,monetary,1435.469169158995,results_plan_cluster_2018_2012_weights_1_9.netcdf
1,netherlands,electrolyser,monetary,29603.580623105783,results_plan_cluster_2018_2012_weights_1_9.netcdf
2,netherlands,h2_elec_conversion,monetary,18244.14562279406,results_plan_cluster_2018_2012_weights_1_9.netcdf
3,netherlands,h2_salt_cavern,monetary,15930.720165660192,results_plan_cluster_2018_2012_weights_1_9.netcdf
4,netherlands,nuclear,monetary,15320.986437247977,results_plan_cluster_2018_2012_weights_1_9.netcdf
5,netherlands,offshore_wind,monetary,73080.38730451156,results_plan_cluster_2018_2012_weights_1_9.netcdf
6,netherlands,onshore_wind,monetary,22515.155819156764,results_plan_cluster_2018_2012_weights_1_9.netcdf
7,netherlands,solar,monetary,30880.29105422905,results_plan_cluster_2018_2012_weights_1_9.netcdf
0,netherlands,battery,monetary,1209.6950248649252,results_plan_cluster_2018_2013_weights_1_9.netcdf
1,netherlands,electrolyser,monetary,28823.39237544867,results_plan_cluster_2018_2013_weights_1_9.netcdf
2,netherlands,h2_elec_conversion,monetary,17830.62069783547,results_plan_cluster_2018_2013_weights_1_9.netcdf
3,netherlands,h2_salt_cavern,monetary,16080.440657926121,results_plan_cluster_2018_2013_weights_1_9.netcdf
4,netherlands,nuclear,monetary,15264.138782080596,results_plan_cluster_2018_2013_weights_1_9.netcdf
5,netherlands,offshore_wind,monetary,76241.82699441204,results_plan_cluster_2018_2013_weights_1_9.netcdf
6,netherlands,onshore_wind,monetary,22468.862311554618,results_plan_cluster_2018_2013_weights_1_9.netcdf
7,netherlands,solar,monetary,28493.006690087514,results_plan_cluster_2018_2013_weights_1_9.netcdf
0,netherlands,battery,monetary,2122.4211526633317,results_plan_cluster_2018_2014_weights_1_9.netcdf
1,netherlands,electrolyser,monetary,33143.46136804548,results_plan_cluster_2018_2014_weights_1_9.netcdf
2,netherlands,h2_elec_conversion,monetary,18051.941795135608,results_plan_cluster_2018_2014_weights_1_9.netcdf
3,netherlands,h2_salt_cavern,monetary,18819.611253071773,results_plan_cluster_2018_2014_weights_1_9.netcdf
4,netherlands,nuclear,monetary,15243.546915859733,results_plan_cluster_2018_2014_weights_1_9.netcdf
5,netherlands,offshore_wind,monetary,63457.708843846165,results_plan_cluster_2018_2014_weights_1_9.netcdf
6,netherlands,onshore_wind,monetary,22452.036072252406,results_plan_cluster_2018_2014_weights_1_9.netcdf
7,netherlands,solar,monetary,37731.8529831036,results_plan_cluster_2018_2014_weights_1_9.netcdf
0,netherlands,battery,monetary,1491.2820232295207,results_plan_cluster_2018_2015_weights_1_9.netcdf
1,netherlands,electrolyser,monetary,29642.061271240644,results_plan_cluster_2018_2015_weights_1_9.netcdf
2,netherlands,h2_elec_conversion,monetary,18228.150296287087,results_plan_cluster_2018_2015_weights_1_9.netcdf
3,netherlands,h2_salt_cavern,monetary,12672.98455681519,results_plan_cluster_2018_2015_weights_1_9.netcdf
4,netherlands,nuclear,monetary,15243.546915859728,results_plan_cluster_2018_2015_weights_1_9.netcdf
5,netherlands,offshore_wind,monetary,71305.0619601272,results_plan_cluster_2018_2015_weights_1_9.netcdf
6,netherlands,onshore_wind,monetary,22536.246486623808,results_plan_cluster_2018_2015_weights_1_9.netcdf
7,netherlands,solar,monetary,28800.3590551726,results_plan_cluster_2018_2015_weights_1_9.netcdf
0,netherlands,battery,monetary,1674.5827971124434,results_plan_cluster_2018_2016_weights_1_9.netcdf
1,netherlands,electrolyser,monetary,29543.86200057125,results_plan_cluster_2018_2016_weights_1_9.netcdf
2,netherlands,h2_elec_conversion,monetary,18169.806629731134,results_plan_cluster_2018_2016_weights_1_9.netcdf
3,netherlands,h2_salt_cavern,monetary,26610.748531608468,results_plan_cluster_2018_2016_weights_1_9.netcdf
4,netherlands,nuclear,monetary,15291.813939493788,results_plan_cluster_2018_2016_weights_1_9.netcdf
5,netherlands,offshore_wind,monetary,74789.79900735478,results_plan_cluster_2018_2016_weights_1_9.netcdf
6,netherlands,onshore_wind,monetary,22458.294816920406,results_plan_cluster_2018_2016_weights_1_9.netcdf
7,netherlands,solar,monetary,34076.77296224897,results_plan_cluster_2018_2016_weights_1_9.netcdf
0,netherlands,battery,monetary,2470.5527463853296,results_plan_cluster_2018_2017_weights_1_9.netcdf
1,netherlands,electrolyser,monetary,29642.520294177397,results_plan_cluster_2018_2017_weights_1_9.netcdf
2,netherlands,h2_elec_conversion,monetary,17836.94505711533,results_plan_cluster_2018_2017_weights_1_9.netcdf
3,netherlands,h2_salt_cavern,monetary,17453.281195922616,results_plan_cluster_2018_2017_weights_1_9.netcdf
4,netherlands,nuclear,monetary,15272.702396140987,results_plan_cluster_2018_2017_weights_1_9.netcdf
5,netherlands,offshore_wind,monetary,75469.15984863108,results_plan_cluster_2018_2017_weights_1_9.netcdf
6,netherlands,onshore_wind,monetary,22461.561138684778,results_plan_cluster_2018_2017_weights_1_9.netcdf
7,netherlands,solar,monetary,29847.609684201256,results_plan_cluster_2018_2017_weights_1_9.netcdf
0,netherlands,battery,monetary,1550.304948581462,results_plan_cluster_2018_2019_weights_1_9.netcdf
1,netherlands,electrolyser,monetary,28548.482980375913,results_plan_cluster_2018_2019_weights_1_9.netcdf
2,netherlands,h2_elec_conversion,monetary,17930.062737557866,results_plan_cluster_2018_2019_weights_1_9.netcdf
3,netherlands,h2_salt_cavern,monetary,11236.830313173672,results_plan_cluster_2018_2019_weights_1_9.netcdf
4,netherlands,nuclear,monetary,15243.546915859733,results_plan_cluster_2018_2019_weights_1_9.netcdf
5,netherlands,offshore_wind,monetary,77229.71574539096,results_plan_cluster_2018_2019_weights_1_9.netcdf
6,netherlands,onshore_wind,monetary,22492.19049529473,results_plan_cluster_2018_2019_weights_1_9.netcdf
7,netherlands,solar,monetary,26970.076724322273,results_plan_cluster_2018_2019_weights_1_9.netcdf
0,netherlands,battery,monetary,1022.2272942917185,results_plan_cluster_2019_2010_weights_1_9.netcdf
1,netherlands,electrolyser,monetary,31617.999495005904,results_plan_cluster_2019_2010_weights_1_9.netcdf
2,netherlands,h2_elec_conversion,monetary,19094.429691761623,results_plan_cluster_2019_2010_weights_1_9.netcdf
3,netherlands,h2_salt_cavern,monetary,21100.54776604259,results_plan_cluster_2019_2010_weights_1_9.netcdf
4,netherlands,nuclear,monetary,15272.097258169899,results_plan_cluster_2019_2010_weights_1_9.netcdf
5,netherlands,offshore_wind,monetary,83805.53771896633,results_plan_cluster_2019_2010_weights_1_9.netcdf
6,netherlands,onshore_wind,monetary,22410.060777965286,results_plan_cluster_2019_2010_weights_1_9.netcdf
7,netherlands,solar,monetary,28405.921777555486,results_plan_cluster_2019_2010_weights_1_9.netcdf
0,netherlands,battery,monetary,1022.2138968597776,results_plan_cluster_2019_2010_weights_9_1.netcdf
1,netherlands,electrolyser,monetary,31668.997572574055,results_plan_cluster_2019_2010_weights_9_1.netcdf
2,netherlands,h2_elec_conversion,monetary,18952.78865389629,results_plan_cluster_2019_2010_weights_9_1.netcdf
3,netherlands,h2_salt_cavern,monetary,21107.320177700603,results_plan_cluster_2019_2010_weights_9_1.netcdf
4,netherlands,nuclear,monetary,15243.546915859733,results_plan_cluster_2019_2010_weights_9_1.netcdf
5,netherlands,offshore_wind,monetary,83861.99391044001,results_plan_cluster_2019_2010_weights_9_1.netcdf
6,netherlands,onshore_wind,monetary,22486.819245432085,results_plan_cluster_2019_2010_weights_9_1.netcdf
7,netherlands,solar,monetary,28396.53266690115,results_plan_cluster_2019_2010_weights_9_1.netcdf
0,netherlands,battery,monetary,1328.523421118913,results_plan_cluster_2019_2011_weights_1_9.netcdf
1,netherlands,electrolyser,monetary,27381.811934088044,results_plan_cluster_2019_2011_weights_1_9.netcdf
2,netherlands,h2_elec_conversion,monetary,18141.343038187253,results_plan_cluster_2019_2011_weights_1_9.netcdf
3,netherlands,h2_salt_cavern,monetary,15619.681835078198,results_plan_cluster_2019_2011_weights_1_9.netcdf
4,netherlands,nuclear,monetary,15243.546915859733,results_plan_cluster_2019_2011_weights_1_9.netcdf
5,netherlands,offshore_wind,monetary,80864.8000810277,results_plan_cluster_2019_2011_weights_1_9.netcdf
6,netherlands,onshore_wind,monetary,22509.783414075744,results_plan_cluster_2019_2011_weights_1_9.netcdf
7,netherlands,solar,monetary,25743.99830552491,results_plan_cluster_2019_2011_weights_1_9.netcdf
0,netherlands,battery,monetary,977.1614168430526,results_plan_cluster_2019_2012_weights_1_9.netcdf
1,netherlands,electrolyser,monetary,28418.244802702902,results_plan_cluster_2019_2012_weights_1_9.netcdf
2,netherlands,h2_elec_conversion,monetary,18394.747445701447,results_plan_cluster_2019_2012_weights_1_9.netcdf
3,netherlands,h2_salt_cavern,monetary,18206.403334062077,results_plan_cluster_2019_2012_weights_1_9.netcdf
4,netherlands,nuclear,monetary,15281.133743871445,results_plan_cluster_2019_2012_weights_1_9.netcdf
5,netherlands,offshore_wind,monetary,80903.80125202713,results_plan_cluster_2019_2012_weights_1_9.netcdf
6,netherlands,onshore_wind,monetary,22540.746981907,results_plan_cluster_2019_2012_weights_1_9.netcdf
7,netherlands,solar,monetary,25676.951378670794,results_plan_cluster_2019_2012_weights_1_9.netcdf
0,netherlands,battery,monetary,1344.7714171804357,results_plan_cluster_2019_2013_weights_1_9.netcdf
1,netherlands,electrolyser,monetary,27923.423101246975,results_plan_cluster_2019_2013_weights_1_9.netcdf
2,netherlands,h2_elec_conversion,monetary,18028.767629805407,results_plan_cluster_2019_2013_weights_1_9.netcdf
3,netherlands,h2_salt_cavern,monetary,19403.757563471372,results_plan_cluster_2019_2013_weights_1_9.netcdf
4,netherlands,nuclear,monetary,15246.674640517003,results_plan_cluster_2019_2013_weights_1_9.netcdf
5,netherlands,offshore_wind,monetary,80731.29747905079,results_plan_cluster_2019_2013_weights_1_9.netcdf
6,netherlands,onshore_wind,monetary,22484.01693893139,results_plan_cluster_2019_2013_weights_1_9.netcdf
7,netherlands,solar,monetary,25708.251298469204,results_plan_cluster_2019_2013_weights_1_9.netcdf
0,netherlands,battery,monetary,2140.9265327344037,results_plan_cluster_2019_2014_weights_1_9.netcdf
1,netherlands,electrolyser,monetary,32953.25520917152,results_plan_cluster_2019_2014_weights_1_9.netcdf
2,netherlands,h2_elec_conversion,monetary,18042.851020986414,results_plan_cluster_2019_2014_weights_1_9.netcdf
3,netherlands,h2_salt_cavern,monetary,18534.47067881938,results_plan_cluster_2019_2014_weights_1_9.netcdf
4,netherlands,nuclear,monetary,15243.546915859733,results_plan_cluster_2019_2014_weights_1_9.netcdf
5,netherlands,offshore_wind,monetary,64481.92518327926,results_plan_cluster_2019_2014_weights_1_9.netcdf
6,netherlands,onshore_wind,monetary,22457.04384245552,results_plan_cluster_2019_2014_weights_1_9.netcdf
7,netherlands,solar,monetary,37261.38753960522,results_plan_cluster_2019_2014_weights_1_9.netcdf
0,netherlands,battery,monetary,638.932449845265,results_plan_cluster_2019_2015_weights_1_9.netcdf
1,netherlands,electrolyser,monetary,28258.029089545933,results_plan_cluster_2019_2015_weights_1_9.netcdf
2,netherlands,h2_elec_conversion,monetary,18584.5420953068,results_plan_cluster_2019_2015_weights_1_9.netcdf
3,netherlands,h2_salt_cavern,monetary,14784.055287991614,results_plan_cluster_2019_2015_weights_1_9.netcdf
4,netherlands,nuclear,monetary,15243.54691585972,results_plan_cluster_2019_2015_weights_1_9.netcdf
5,netherlands,offshore_wind,monetary,78127.01117103004,results_plan_cluster_2019_2015_weights_1_9.netcdf
6,netherlands,onshore_wind,monetary,22557.130228194914,results_plan_cluster_2019_2015_weights_1_9.netcdf
7,netherlands,solar,monetary,24309.253692891347,results_plan_cluster_2019_2015_weights_1_9.netcdf
0,netherlands,battery,monetary,1594.2768718914822,results_plan_cluster_2019_2016_weights_1_9.netcdf
1,netherlands,electrolyser,monetary,29501.140361940546,results_plan_cluster_2019_2016_weights_1_9.netcdf
2,netherlands,h2_elec_conversion,monetary,18177.522103154515,results_plan_cluster_2019_2016_weights_1_9.netcdf
3,netherlands,h2_salt_cavern,monetary,25569.623329166607,results_plan_cluster_2019_2016_weights_1_9.netcdf
4,netherlands,nuclear,monetary,15281.133743871462,results_plan_cluster_2019_2016_weights_1_9.netcdf
5,netherlands,offshore_wind,monetary,80939.89413996466,results_plan_cluster_2019_2016_weights_1_9.netcdf
6,netherlands,onshore_wind,monetary,22472.870489553392,results_plan_cluster_2019_2016_weights_1_9.netcdf
7,netherlands,solar,monetary,30983.76567644702,results_plan_cluster_2019_2016_weights_1_9.netcdf
0,netherlands,battery,monetary,1531.019276936141,results_plan_cluster_2019_2017_weights_1_9.netcdf
1,netherlands,electrolyser,monetary,28831.734431626555,results_plan_cluster_2019_2017_weights_1_9.netcdf
2,netherlands,h2_elec_conversion,monetary,18235.554812791645,results_plan_cluster_2019_2017_weights_1_9.netcdf
3,netherlands,h2_salt_cavern,monetary,20158.063561233044,results_plan_cluster_2019_2017_weights_1_9.netcdf
4,netherlands,nuclear,monetary,15256.894903892755,results_plan_cluster_2019_2017_weights_1_9.netcdf
5,netherlands,offshore_wind,monetary,81157.39357036905,results_plan_cluster_2019_2017_weights_1_9.netcdf
6,netherlands,onshore_wind,monetary,22477.012217776282,results_plan_cluster_2019_2017_weights_1_9.netcdf
7,netherlands,solar,monetary,26558.59667970725,results_plan_cluster_2019_2017_weights_1_9.netcdf
0,netherlands,battery,monetary,1542.126753764991,results_plan_cluster_2019_2018_weights_1_9.netcdf
1,netherlands,electrolyser,monetary,28477.26590404103,results_plan_cluster_2019_2018_weights_1_9.netcdf
2,netherlands,h2_elec_conversion,monetary,17920.217197910155,results_plan_cluster_2019_2018_weights_1_9.netcdf
3,netherlands,h2_salt_cavern,monetary,11210.670349751479,results_plan_cluster_2019_2018_weights_1_9.netcdf
4,netherlands,nuclear,monetary,15251.409151839294,results_plan_cluster_2019_2018_weights_1_9.netcdf
5,netherlands,offshore_wind,monetary,77501.49699547434,results_plan_cluster_2019_2018_weights_1_9.netcdf
6,netherlands,onshore_wind,monetary,22462.070745719473,results_plan_cluster_2019_2018_weights_1_9.netcdf
7,netherlands,solar,monetary,26880.789657953057,results_plan_cluster_2019_2018_weights_1_9.netcdf
